event,time,magnitude,e_magnitude,band,system,flux_density(mjy),flux_density_error,flux(erg/cm2/s),flux_error,time (days)
at2017gfo,57982.9814,17.48,0.02,i,AB,0.36982817978026444,0.006812898591418732,2.1930272584805137e-13,4.0397054991254565e-15,0.4813999999969383
at2017gfo,57982.9902,18.26,0.15,H,AB,0.1803017740859559,0.024911116226263914,4.942583375395192e-14,6.8284312806390745e-15,0.49020000000018626
at2017gfo,57982.993,17.46,0.03,r,AB,0.37670379898390705,0.010409339749357701,3.1509737988393045e-13,8.706462357146609e-15,0.4930000000022119
at2017gfo,57982.999,18.62,0.05,Ks,AB,0.1294195841449981,0.005960352338803222,2.1896793126374163e-14,1.0083845887432716e-15,0.49900000000343425
at2017gfo,57983.0,17.83,0.15,J,AB,0.2679168324819026,0.03701631548975987,8.596584281004032e-14,1.1876620089664075e-14,0.5
at2017gfo,57983.0,17.35,0.02,V,AB,0.416869383470333,0.007679481961428907,3.747573420565822e-13,6.9032853544764396e-15,0.5
at2017gfo,57983.0,17.67,0.03,z,AB,0.31045595881283367,0.008578733639565584,1.3604111401995296e-13,3.75895489411976e-15,0.5
at2017gfo,57983.003059500006,17.480130787100002,0.02529849344005,i,AB,0.3697836331935316,0.008616765483469667,2.1927631037072474e-13,5.109307652412612e-15,0.5030595000062021
at2017gfo,57983.0037414,17.5902045028,0.02912213500222,z,AB,0.3341320989681302,0.008962792428952225,1.4641594623362872e-13,3.92723843416772e-15,0.5037414000034914
at2017gfo,57983.0057,17.41,0.02,g,AB,0.3944573020752769,0.007266611211942321,5.772179338277463e-13,1.0632747278724747e-14,0.505700000001525
at2017gfo,57983.009,17.88,0.03,J,AB,0.2558585886905637,0.007070061370910225,8.209674253467276e-14,2.268416826524487e-15,0.5089999999981956
at2017gfo,57983.0106,17.41,0.04,g,AB,0.3944573020752769,0.014533222423884643,5.772179338277463e-13,2.1265494557449493e-14,0.5106000000014319
at2017gfo,57983.011,17.49,0.04,w,AB,0.3664375746478326,0.01350087512338525,4.779821668459182e-12,1.7609513793542423e-13,0.510999999998603
at2017gfo,57983.0141,17.39,0.02,g,AB,0.4017908108489384,0.0074017076008219265,5.879492164273336e-13,1.0830424809464858e-14,0.514100000000326
at2017gfo,57983.018251,17.47,0.02,i,AB,0.3732501577957199,0.0068759375659371525,2.2133190898662999e-13,4.0770844338922306e-15,0.5182510000013281
at2017gfo,57983.019,17.46,0.01,Y,AB,0.37670379898390705,0.003469779916452567,7.799101101704002e-14,7.183237574214804e-16,0.5190000000002328
at2017gfo,57983.028,17.56,0.04,r,AB,0.34355794789987365,0.012657907575936787,2.873722259067919e-13,1.0587184056215924e-14,0.5279999999984284
at2017gfo,57983.029,18.64,0.06,Ks,AB,0.12705741052085368,0.007021876377953309,2.1497131610551966e-14,1.1879753949261134e-15,0.5290000000022701
at2017gfo,57983.03,18.41,0.15,Ks,AB,0.15703628043335452,0.02169667521824008,2.6569324640480592e-14,3.670687850885399e-15,0.5299999999988358
at2017gfo,57983.039,17.82,0.03,J,AB,0.27039583641088355,0.007471764647993042,8.676127496004771e-14,2.397302620465958e-15,0.5389999999970314
at2017gfo,57983.05,17.32,0.07,g,AB,0.42854852039743746,0.027631214161310147,6.27104353721764e-13,4.04309118256791e-14,0.5500000000029104
at2017gfo,57983.05,16.984,0.05,i,AB,0.5839827246189268,0.026895023821150384,3.462932528105227e-13,1.594739363451853e-14,0.5500000000029104
at2017gfo,57983.05,17.14,0.08,r,AB,0.5058246620031117,0.037272791157379075,4.2310172105448865e-13,3.117528690304606e-14,0.5500000000029104
at2017gfo,57983.05,16.854,0.1,z,AB,0.6582638416408998,0.0606320048699611,2.8844975847240803e-13,2.6567204557451975e-14,0.5500000000029104
at2017gfo,57983.059,18.42,0.04,Ks,AB,0.15559656316050657,0.005732735707785459,2.632573560801469e-14,9.698759419698729e-16,0.559000000001106
at2017gfo,57983.059977,17.51,0.02,i,AB,0.35974933515574015,0.006627228190676559,2.1332611773541266e-13,3.929612309150822e-15,0.5599769999971613
at2017gfo,57983.059977,17.34,0.01,r,AB,0.4207266283844429,0.003875269666572992,3.519206830643118e-13,3.2413092749606658e-15,0.5599769999971613
at2017gfo,57983.16719907407,18.2024703,0.0893445,U,AB,0.19011302840813218,0.01564521845737845,2.8652199651890624e-13,2.3577701844884295e-14,0.6671990740724141
at2017gfo,57983.229,17.4,0.01,z,AB,0.39810717055349615,0.0036669241688249876,1.7444968100638112e-13,1.6067409398514338e-15,0.7289999999993597
at2017gfo,57983.23125,17.24,0.06,i,AB,0.4613175745603782,0.02549489216143412,2.7355460485139966e-13,1.5117186126016984e-14,0.7312499999970896
at2017gfo,57983.23125,17.38,0.1,y,AB,0.4055085354483827,0.03735097379012641,8.39546103356648e-14,7.732505369881031e-15,0.7312499999970896
at2017gfo,57983.23125,17.26,0.06,z,AB,0.4528975799036186,0.025029557937004225,1.9845871711605188e-13,1.0967234006547433e-14,0.7312499999970896
at2017gfo,57983.2319907,17.28,0.13,y,AB,0.4446312674691066,0.05324088687526573,9.205439969875355e-14,1.1022080601524995e-14,0.7319906999982777
at2017gfo,57983.382,17.31,0.04,w,AB,0.43251383103500796,0.015935361507488713,5.641722150017654e-12,2.0784872514311912e-13,0.8819999999977881
at2017gfo,57983.38678241,17.42,0.05,i,AB,0.3908408957924001,0.017999976299770952,2.31762960494503e-13,1.0673078758856199e-14,0.8867824100016151
at2017gfo,57983.401,17.28,0.12,g,AB,0.4446312674691066,0.049145434038706824,6.506385866695192e-13,7.191123410841349e-14,0.9009999999980209
at2017gfo,57983.405,17.2,0.02,r,AB,0.4786300923226371,0.008817225025234611,4.0035457149958094e-13,7.37480374597563e-15,0.9049999999988358
at2017gfo,57983.41925926,17.32,0.07,r,AB,0.42854852039743746,0.027631214161310147,3.5846337704743034e-13,2.311098799446404e-14,0.9192592600011267
at2017gfo,57983.42064815,17.46,0.08,g,AB,0.37670379898390705,0.027758239331620537,5.512388473241101e-13,4.061677928088679e-14,0.9206481500004884
at2017gfo,57983.509444444455,18.9034076,0.1656082,U,AB,0.09968664044063774,0.015206200963479365,1.5023912608449141e-13,2.2916092446201897e-14,1.0094444444548571
at2017gfo,57983.54987027,17.14,0.13,i,AB,0.5058246620031117,0.060568285630740994,2.9994665967412383e-13,3.591394077746774e-14,1.0498702699987916
at2017gfo,57983.57148148147,18.980041,0.1623712,U,AB,0.09289313074461499,0.013892951809389313,1.400005328761591e-13,2.093699595179794e-14,1.0714814814709825
at2017gfo,57983.5943784,17.48,0.07,i,AB,0.36982817978026444,0.023845145069965566,2.1930272584805137e-13,1.41389692469391e-14,1.0943783999973675
at2017gfo,57983.62518802,17.58,0.09,i,AB,0.33728730865886786,0.027960468132629333,2.000064630737207e-13,1.6579148413536477e-14,1.1251880199997686
at2017gfo,57983.699,17.64,0.04,H,AB,0.3191537855100745,0.011758770665012366,8.74891111001779e-14,3.2232179682971107e-15,1.1990000000005239
at2017gfo,57983.699,17.51,0.03,J,AB,0.35974933515574015,0.009940842286014839,1.154319215800073e-13,3.1895018626293826e-15,1.1990000000005239
at2017gfo,57983.699,17.91,0.05,Ks,AB,0.24888573182823803,0.011462304284142796,4.2109541750987034e-14,1.9392160621726577e-15,1.1990000000005239
at2017gfo,57983.718519,18.47,0.11,B,AB,0.1485935642287003,0.01505548027102758,2.265257751605611e-13,2.2950174414799686e-14,1.2185190000018338
at2017gfo,57983.718519,17.58,0.1,I,AB,0.33728730865886786,0.031067186814032595,2.372580151835962e-13,2.1852270758204147e-14,1.2185190000018338
at2017gfo,57983.718519,17.65,0.05,R,AB,0.31622776601683733,0.014563707009452793,3.6293052793469913e-13,1.6713568468297933e-14,1.2185190000018338
at2017gfo,57983.718519,17.81,0.04,V,AB,0.2728977782808035,0.010054533380096986,2.453297126075425e-13,9.038280625898255e-15,1.2185190000018338
at2017gfo,57983.7264884,17.0,0.2,R,AB,0.5754399373371544,0.10600636059858184,6.604249932985463e-13,1.2165477956879388e-13,1.2264884000032907
at2017gfo,57983.733,17.95,0.04,w,AB,0.23988329190194851,0.008838161237332989,3.1290441697639768e-12,1.1527824736989545e-13,1.2330000000001746
at2017gfo,57983.7360602,18.1,0.1,B,AB,0.2089296130854028,0.019244291599695484,3.185060053161162e-13,2.933548719479882e-14,1.236060199997155
at2017gfo,57983.741,17.75,0.02,r,AB,0.2884031503126594,0.005312903461529837,2.412374848857645e-13,4.4437586925547005e-15,1.2410000000018044
at2017gfo,57983.745,18.05,0.12,g,AB,0.21877616239495432,0.0241814965452687,3.201399080813058e-13,3.538317024098392e-14,1.2450000000026193
at2017gfo,57983.75833,17.89,0.03,r,AB,0.2535128630497897,0.007005242658650186,2.1205318111823666e-13,5.859245925177806e-15,1.2583299999969313
at2017gfo,57983.964,18.22,0.08,V,AB,0.18706821403657942,0.013784528509063518,1.6817062959148557e-13,1.2391269912856879e-14,1.4639999999999418
at2017gfo,57983.968,18.431,0.057,g,AB,0.15402811480716072,0.00808680153048757,2.2539268436056316e-13,1.1832877039790819e-14,1.4680000000007567
at2017gfo,57983.968,18.23,0.04,w,AB,0.1853531623414803,0.006829075596032585,2.4177516798835253e-12,8.907326362657759e-14,1.4680000000007567
at2017gfo,57983.9687,18.16,0.05,V,AB,0.19769696401118542,0.009104831927895725,1.777256658877662e-13,8.184569378312212e-15,1.4686999999976251
at2017gfo,57983.96875,17.64,0.08,H,AB,0.3191537855100745,0.023517541330024733,8.74891111001779e-14,6.4464359365942215e-15,1.46875
at2017gfo,57983.96875,17.58,0.07,J,AB,0.33728730865886786,0.021747030769822817,1.082245840598628e-13,6.9774967906481905e-15,1.46875
at2017gfo,57983.96875,17.85,0.15,K,AB,0.2630267991895371,0.03634069159025047,4.450210102740658e-14,6.1481924659572746e-15,1.46875
at2017gfo,57983.96875,18.49,0.04,g,AB,0.14588142602753446,0.005374795195367001,2.1347145780404226e-13,7.864579144308698e-15,1.46875
at2017gfo,57983.96875,17.85,0.05,i,AB,0.2630267991895371,0.012113563863416823,1.5597106220414515e-13,7.182732855394222e-15,1.46875
at2017gfo,57983.96875,17.99,0.01,r,AB,0.23120647901755897,0.0021296190790024688,1.9339479969973416e-13,1.7812319314047084e-15,1.46875
at2017gfo,57983.96875,17.72,0.03,z,AB,0.29648313895243333,0.008192627023237855,1.299182552831523e-13,3.589774055073376e-15,1.46875
at2017gfo,57983.969,17.69,0.02,r,AB,0.30478949896279706,0.005614769402906581,2.549439979059407e-13,4.696241993012198e-15,1.4689999999973224
at2017gfo,57983.9701,18.13,0.08,V,AB,0.20323570109362168,0.014975864981726556,1.8270488112800405e-13,1.346219314248292e-14,1.470099999998638
at2017gfo,57983.972,17.88,0.1,i,AB,0.2558585886905637,0.02356687123636742,1.5172041774862698e-13,1.3973966888432678e-14,1.4720000000015716
at2017gfo,57983.9737,18.507,0.039,g,AB,0.143615065290747,0.0051590119751934675,2.1015504293501975e-13,7.548837957643322e-15,1.4737000000022817
at2017gfo,57983.9748,18.481,0.037,g,AB,0.1470957076796969,0.005013068661946842,2.152483425078077e-13,7.335288846302277e-15,1.4748000000035972
at2017gfo,57983.9759,18.615,0.043,g,AB,0.13001695780332875,0.005149563104658659,1.9025663703263063e-13,7.535012055921634e-15,1.4758999999976368
at2017gfo,57983.976,17.98,0.08,r,AB,0.23334580622809953,0.017194593613817685,1.9518425974917878e-13,1.4381707740337184e-14,1.4760000000023865
at2017gfo,57983.976350699995,17.3152541007,0.0256595401046099,Y,AB,0.43042586381658215,0.0101730026333603,8.911337867439997e-14,2.1060440868898207e-15,1.476350699995237
at2017gfo,57983.9768,17.62,0.06,z,AB,0.32508729738543274,0.01796607380022744,1.4245253419894037e-13,7.872217960936893e-15,1.4767999999967287
at2017gfo,57983.9770265,17.592973982,0.02197152849233,z,AB,0.3332808860448187,0.006744854828439393,1.4604294661462257e-13,2.9554018265070437e-15,1.4770264999970095
at2017gfo,57983.9771,17.925,0.022,r,AB,0.24547089156850188,0.004974215652345617,2.0532639962654488e-13,4.160477261408328e-15,1.477099999996426
at2017gfo,57983.97771490001,17.7848867885,0.02151655145699,i,AB,0.2792835039558716,0.005535028737054329,1.656110514301755e-13,3.2819930792833847e-15,1.4777149000074132
at2017gfo,57983.9782,17.966,0.024,r,AB,0.23637416081162826,0.005225323353774121,1.9771735497466698e-13,4.370505928232444e-15,1.4781999999977415
at2017gfo,57983.97839990001,18.0406133217,0.02397789513454,r,AB,0.22067578050905876,0.004873799474281454,1.8458629944747686e-13,4.076488296169864e-15,1.4783999000064796
at2017gfo,57983.9784,17.61,0.06,z,AB,0.3280952931131177,0.0181323118343463,1.437706312692183e-13,7.945058696900293e-15,1.478399999999965
at2017gfo,57983.979,17.61,0.06,z,AB,0.3280952931131177,0.0181323118343463,1.437706312692183e-13,7.945058696900293e-15,1.4789999999993597
at2017gfo,57983.9790744,18.6643835894,0.02786234183509,g,AB,0.12423574373879655,0.003188350877086689,1.8179686098136018e-13,4.6653010768277545e-15,1.4790743999983533
at2017gfo,57983.9792,17.937,0.024,r,AB,0.2427727847680984,0.005366772313664493,2.030695432164229e-13,4.4888150692919496e-15,1.4792000000015832
at2017gfo,57983.9797554,19.939139444,0.0548237969632,u,AB,0.03840114929370923,0.0019391672226994987,4.956173561750079e-14,2.5025991753152993e-15,1.4797554000033415
at2017gfo,57983.9798,17.77,0.03,i,AB,0.2831391995799367,0.007823898067230993,1.6789742279565772e-13,4.6391772345767906e-15,1.4798000000009779
at2017gfo,57983.98,17.664,0.064,I,AB,0.3121763510848151,0.01840271511029701,2.1959421402526358e-13,1.2944239711291263e-14,1.4800000000032014
at2017gfo,57983.98,18.61,0.14,g,AB,0.1306170888131838,0.016843407839919035,1.911348217682459e-13,2.4645834715915682e-14,1.4800000000032014
at2017gfo,57983.98,17.675,0.134,r,AB,0.30902954325135795,0.038142286793482444,2.584906222020616e-13,3.190254062016145e-14,1.4800000000032014
at2017gfo,57983.98,17.611,0.098,z,AB,0.32779324530022685,0.029588844442562226,1.4363827458613133e-13,1.2964982513940101e-14,1.4800000000032014
at2017gfo,57983.9804,17.743,0.029,i,AB,0.2902685610499045,0.007753538127444151,1.7212503034262442e-13,4.5974573363776525e-15,1.4804000000003725
at2017gfo,57983.9806,17.91,0.03,r,AB,0.24888573182823803,0.0068773825704856765,2.0818277437367346e-13,5.7523026346915455e-15,1.480600000002596
at2017gfo,57983.981,17.61,0.04,Ks,AB,0.3280952931131177,0.0120882078895642,5.5511187170761024e-14,2.0451077131807458e-15,1.4809999999997672
at2017gfo,57983.9813,17.47,0.01,J,AB,0.3732501577957199,0.0034379687829685763,1.197638987317343e-13,1.1030662715941592e-15,1.4812999999994645
at2017gfo,57983.9814,18.61,0.03,g,AB,0.1306170888131838,0.00360930167998265,1.911348217682459e-13,5.281250296267645e-15,1.4813999999969383
at2017gfo,57983.9815,17.803,0.025,i,AB,0.2746628992415944,0.006324729231253626,1.6287110011140558e-13,3.750245671960632e-15,1.481500000001688
at2017gfo,57983.9826,17.809,0.026,i,AB,0.2731492422089171,0.006541468838792343,1.6197352353013328e-13,3.878761335698131e-15,1.4826000000030035
at2017gfo,57983.9829,19.04,0.06,B,AB,0.08790225168308825,0.004857951552232191,1.3400395773684758e-13,7.405332371689667e-15,1.4829000000027008
at2017gfo,57983.984,18.582,0.031,g,AB,0.1340293773418305,0.0038270454750022314,1.9612809765328376e-13,5.599860261274265e-15,1.4839999999967404
at2017gfo,57983.9843,19.04,0.07,B,AB,0.08790225168308825,0.00566761014427089,1.3400395773684758e-13,8.639554433637945e-15,1.4842999999964377
at2017gfo,57983.9851,18.547,0.03,g,AB,0.13842036815687345,0.003824927288396222,2.0255352984171408e-13,5.59676086016225e-15,1.4850999999980559
at2017gfo,57983.9862,18.607,0.038,g,AB,0.13097849623996818,0.0045844318970833,1.9166367710204495e-13,6.708093271606603e-15,1.4861999999993714
at2017gfo,57983.9874,17.946,0.02,r,AB,0.24076868456124348,0.004435391139960322,2.013931950460346e-13,3.709799749947535e-15,1.4873999999981606
at2017gfo,57983.9875,18.66,0.03,g,AB,0.12473835142429382,0.0034468563450981327,1.825323377192032e-13,5.0435548778590966e-15,1.4875000000029104
at2017gfo,57983.9885,17.983,0.024,r,AB,0.23270193788481522,0.00514414463206507,1.9464569011301856e-13,4.302607338909837e-15,1.4884999999994761
at2017gfo,57983.988519,19.09,0.11,B,AB,0.08394599865193948,0.008505397478660595,1.2797278613621914e-13,1.2965402105311596e-14,1.4885189999986324
at2017gfo,57983.988519,17.77,0.09,I,AB,0.2831391995799367,0.023471694201692976,1.9916861022764043e-13,1.6509696224490185e-14,1.4885189999986324
at2017gfo,57983.988519,17.94,0.05,R,AB,0.24210290467361653,0.011149924670486703,2.778583807313162e-13,1.2795851308707821e-14,1.4885189999986324
at2017gfo,57983.988519,18.28,0.04,V,AB,0.17701089583174112,0.006521716563591038,1.591292991697452e-13,5.86254003402951e-15,1.4885189999986324
at2017gfo,57983.989,17.45,0.01,J,AB,0.38018939632055976,0.00350188539473068,1.2199047584792994e-13,1.1235738046987724e-15,1.489000000001397
at2017gfo,57983.989,17.77,0.02,Ks,AB,0.2831391995799367,0.0052159320448206615,4.790496368944382e-14,8.824420421738728e-16,1.489000000001397
at2017gfo,57983.9895,17.987,0.026,r,AB,0.23184620954131246,0.005552330084615945,1.9392990821844402e-13,4.644017203794719e-15,1.4895000000033178
at2017gfo,57983.9902,17.52,0.01,H,AB,0.3564511334262432,0.0032832346987081307,9.771337276877905e-14,8.999734220942447e-16,1.4902000000001863
at2017gfo,57983.9908,17.776,0.021,i,AB,0.28157882997103,0.005446546598974463,1.6697214633682447e-13,3.2295276308432985e-15,1.490799999999581
at2017gfo,57983.991,18.0,0.06,r,AB,0.22908676527677654,0.012660567683572526,1.916217455186346e-13,1.0589408993392938e-14,1.4910000000018044
at2017gfo,57983.991397,18.64,0.02,g,AB,0.12705741052085368,0.00234062545931777,1.8592586724216602e-13,3.4248810425104133e-15,1.49139699999796
at2017gfo,57983.991397,17.78,0.02,i,AB,0.2805433637951699,0.00516811209239817,1.6635812997110467e-13,3.0644300013586504e-15,1.49139699999796
at2017gfo,57983.991397,17.92,0.01,r,AB,0.24660393372343262,0.0022714434493619835,2.0627414322583844e-13,1.89985506904774e-15,1.49139699999796
at2017gfo,57983.9918,17.793,0.024,i,AB,0.2772043237577691,0.0061279211810844345,1.6437812784592086e-13,3.633548417205946e-15,1.4918000000034226
at2017gfo,57983.9929,17.795,0.025,i,AB,0.2766941645411496,0.006371503670218629,1.6407561085847107e-13,3.7779805568660716e-15,1.4928999999974621
at2017gfo,57983.9942,18.653,0.034,g,AB,0.12554516736871354,0.003931704286400479,1.8371296900671415e-13,5.7530005160137006e-15,1.4942000000010012
at2017gfo,57983.9948,18.22,0.04,V,AB,0.18706821403657942,0.006892264254531759,1.6817062959148557e-13,6.195634956428439e-15,1.4948000000003958
at2017gfo,57983.9953,18.604,0.038,g,AB,0.13134090365327292,0.004597116667125631,1.921939957378294e-13,6.726654049143066e-15,1.4953000000023167
at2017gfo,57983.9963,18.632,0.037,g,AB,0.12799706167051741,0.00436218071079931,1.8730087916937396e-13,6.382887941745177e-15,1.4962999999988824
at2017gfo,57983.9975,18.025,0.026,r,AB,0.22387211385683334,0.005361363790820876,1.8725990206533253e-13,4.484291333716056e-15,1.4974999999976717
at2017gfo,57983.9986,18.017,0.023,r,AB,0.225527756674524,0.004777819789691536,1.8864477982681289e-13,3.996210052683337e-15,1.4985999999989872
at2017gfo,57983.999,17.23,0.01,Y,AB,0.4655860935229572,0.0042884655823568684,9.639278989825306e-14,8.878104043672978e-16,1.4990000000034343
at2017gfo,57983.9997,18.041,0.022,r,AB,0.22059720217473197,0.004470175868550936,1.8452057187231356e-13,3.738893999666536e-15,1.4997000000003027
at2017gfo,57984.0,17.951,0.02,r,AB,0.23966245294086286,0.004415012368789462,2.0046787736655564e-13,3.6927547683871106e-15,1.5
at2017gfo,57984.0,17.654,0.07,z,AB,0.31506488329723825,0.020314211462031287,1.3806073452809128e-13,8.901104499061355e-15,1.5
at2017gfo,57984.000219907415,17.630000000000006,0.1,H,AB,0.3221068791283402,0.029668933075943833,8.82986378781378e-14,8.13260509239518e-15,1.5002199074151576
at2017gfo,57984.0009,17.743,0.024,i,AB,0.2902685610499045,0.006416721208919297,1.7212503034262442e-13,3.8047922783815055e-15,1.500899999999092
at2017gfo,57984.002,17.856,0.028,i,AB,0.26157726827190925,0.006746211619303801,1.551115114754106e-13,4.000163485640618e-15,1.5020000000004075
at2017gfo,57984.0022,17.32,0.01,J1,AB,0.42854852039743746,0.003947316308758593,2.7749338144172167e-13,2.555808494048871e-15,1.502200000002631
at2017gfo,57984.0031,17.847,0.025,i,AB,0.2637545740889332,0.006073540580920574,1.5640262212295985e-13,3.60130346205508e-15,1.503100000001723
at2017gfo,57984.0043,18.693,0.036,g,AB,0.12100407608569488,0.004012401921394819,1.7706789154480168e-13,5.871079980272838e-15,1.5043000000005122
at2017gfo,57984.0054,18.666,0.03,g,AB,0.12405092300422213,0.0034278608478475344,1.8152640878798384e-13,5.015760034319457e-15,1.5054000000018277
at2017gfo,57984.0065,18.623,0.036,g,AB,0.12906247820605304,0.00427961232617654,1.8885992631610567e-13,6.2620711343916165e-15,1.5065000000031432
at2017gfo,57984.0077,18.008,0.02,r,AB,0.2274049950895891,0.004189208003695017,1.902150132770723e-13,3.5038900322836042e-15,1.5077000000019325
at2017gfo,57984.0088,18.008,0.023,r,AB,0.2274049950895891,0.004817589204249269,1.902150132770723e-13,4.029473537126145e-15,1.508800000003248
at2017gfo,57984.0099,18.069,0.027,r,AB,0.21498096103893533,0.005346452258300639,1.7982281498358767e-13,4.471819198143499e-15,1.5098999999972875
at2017gfo,57984.01,18.29,0.06,r,AB,0.1753880501841757,0.009692887660113435,1.46704958179479e-13,8.10721559453718e-15,1.5100000000020373
at2017gfo,57984.0105,18.14,0.04,V,AB,0.20137242498623817,0.007419282713147786,1.8102983270946198e-13,6.669385506944196e-15,1.5104999999966822
at2017gfo,57984.011,17.825,0.033,i,AB,0.2691534803926908,0.008181178508566705,1.5960409495208756e-13,4.8510265295907785e-15,1.510999999998603
at2017gfo,57984.0118,18.16,0.06,V,AB,0.19769696401118542,0.010925798313474868,1.777256658877662e-13,9.821483253974654e-15,1.5118000000002212
at2017gfo,57984.0121,17.772,0.025,i,AB,0.28261811798101527,0.006507915983600444,1.6758842899453429e-13,3.858866183611058e-15,1.5120999999999185
at2017gfo,57984.0129,18.18,0.04,V,AB,0.19408858775927715,0.007150920013403456,1.7448180690717146e-13,6.428147321329904e-15,1.5129000000015367
at2017gfo,57984.0132,17.866,0.032,i,AB,0.25917911346159384,0.007639270833614831,1.5368944059043808e-13,4.529702590132948e-15,1.513200000001234
at2017gfo,57984.0145,18.683,0.035,g,AB,0.1221237130165304,0.003937041324287703,1.7870628057310464e-13,5.760809847408585e-15,1.514499999997497
at2017gfo,57984.0156,18.667,0.038,g,AB,0.12393672048206744,0.004337959824770902,1.8135929375796857e-13,6.347447135502013e-15,1.5155999999988126
at2017gfo,57984.0166,18.568,0.03,g,AB,0.1357688064139085,0.003751657501568034,1.9867344197760602e-13,5.48955007045744e-15,1.5166000000026543
at2017gfo,57984.0178,18.029,0.024,r,AB,0.22304885593776005,0.004930752126045601,1.865712803578573e-13,4.1241239897550245e-15,1.5178000000014435
at2017gfo,57984.0189,18.053,0.03,r,AB,0.21817249589882912,0.00602869320644489,1.824924038618345e-13,5.0424514646029e-15,1.518900000002759
at2017gfo,57984.02,18.041,0.022,r,AB,0.22059720217473197,0.004470175868550936,1.8452057187231356e-13,3.738893999666536e-15,1.5199999999967986
at2017gfo,57984.0212,17.831,0.029,i,AB,0.267670185562588,0.007149899327136457,1.587245227148637e-13,4.239529950791736e-15,1.5212000000028638
at2017gfo,57984.0223,17.898,0.031,i,AB,0.25165177616146345,0.007185609680023676,1.4922583917078123e-13,4.2607043902756745e-15,1.5222999999969034
at2017gfo,57984.0233,17.88,0.033,i,AB,0.2558585886905637,0.007777067508001248,1.5172041774862698e-13,4.611409073182784e-15,1.523300000000745
at2017gfo,57984.0342,19.07,0.04,B,AB,0.08550667128846806,0.003150372590451237,1.303519778636441e-13,4.802344337137868e-15,1.5342000000018743
at2017gfo,57984.0438,17.8,0.02,i,AB,0.2754228703338152,0.0050737834160086,1.6332175190378322e-13,3.008497850362577e-15,1.5437999999994645
at2017gfo,57984.0461,18.25,0.06,V,AB,0.18197008586099753,0.010056646378699461,1.6358751305594175e-13,9.040180055101911e-15,1.5460999999995693
at2017gfo,57984.0471,18.18,0.1,V,AB,0.19408858775927715,0.01787730003350864,1.7448180690717146e-13,1.6070368303324763e-14,1.547100000003411
at2017gfo,57984.0472,17.98,0.02,r,AB,0.23334580622809953,0.004298648403454421,1.9518425974917878e-13,3.595426935084296e-15,1.5472000000008848
at2017gfo,57984.0481,20.11,0.23,U,AB,0.03280952931131177,0.006950719536499408,4.944769920208428e-14,1.0474893226032708e-14,1.5480999999999767
at2017gfo,57984.04811,20.25,0.29,U,AB,0.028840315031266002,0.0077037100192182545,4.346564100411272e-14,1.1609667095886062e-14,1.548110000003362
at2017gfo,57984.052,20.21,0.28,U,AB,0.029922646366081707,0.0077172036365690914,4.509683765351153e-14,1.1630002285680548e-14,1.5520000000033178
at2017gfo,57984.0548,18.49,0.12,g,AB,0.14588142602753446,0.016124385586101003,2.1347145780404226e-13,2.359373743292609e-14,1.5547999999980675
at2017gfo,57984.0559,20.1,0.28,U,AB,0.03311311214825895,0.008540041090026316,4.990523312955528e-14,1.2870037137048746e-14,1.555899999999383
at2017gfo,57984.229,17.74,0.01,z,AB,0.29107171180665964,0.002681031575997895,1.2754697988498e-13,1.1747510981582628e-15,1.7289999999993597
at2017gfo,57984.23125,17.87,0.06,i,AB,0.25822601906345855,0.014270959686660839,1.5312426948956154e-13,8.461959847254417e-15,1.7312499999970896
at2017gfo,57984.23125,17.58,0.11,y,AB,0.33728730865886786,0.034173905495435856,6.983040329424796e-14,7.074779609176297e-15,1.7312499999970896
at2017gfo,57984.23125,17.78,0.07,z,AB,0.2805433637951699,0.018088392323393595,1.2293348108872621e-13,7.925814427573454e-15,1.7312499999970896
at2017gfo,57984.309,18.8,0.07,g,AB,0.10964781961431806,0.007069683459119548,1.6045003490495893e-13,1.0344596039190901e-14,1.809000000001106
at2017gfo,57984.309,18.19,0.06,i,AB,0.19230917289101498,0.010628039976979711,1.1403653946987374e-13,6.301892060158998e-15,1.809000000001106
at2017gfo,57984.309,18.26,0.04,r,AB,0.1803017740859559,0.006642964327003711,1.5081508802446696e-13,5.556233175739541e-15,1.809000000001106
at2017gfo,57984.357,18.69,0.05,w,AB,0.12133888504649715,0.005588199900753703,1.582747709563674e-12,7.288822564023556e-14,1.8570000000036089
at2017gfo,57984.358519,20.1,0.12,B,AB,0.03311311214825895,0.003660017610011278,5.04797999583495e-14,5.579233674308021e-15,1.8585190000012517
at2017gfo,57984.358519,18.79,0.05,V,AB,0.11066237839776631,0.005096498881975015,9.948329246145737e-14,4.5813749244743745e-15,1.8585190000012517
at2017gfo,57984.361,18.07,0.13,i,AB,0.21478304741305246,0.02571847903350098,1.273632198379796e-13,1.5249761872522062e-14,1.8609999999971478
at2017gfo,57984.365,18.34,0.11,r,AB,0.16749428760264312,0.01697049906300283,1.401021473939871e-13,1.4194273107777357e-14,1.8649999999979627
at2017gfo,57984.368519,17.98,0.09,I,AB,0.23334580622809953,0.019343917815544894,1.6414244300276676e-13,1.3606269925888642e-14,1.868519000003289
at2017gfo,57984.368519,18.34,0.05,R,AB,0.16749428760264312,0.007713863210455831,1.9223103331930996e-13,8.85256623463769e-15,1.868519000003289
at2017gfo,57984.369,19.28,0.17,g,AB,0.07046930689671439,0.011034454045203201,1.0311926667650415e-13,1.6145980264986125e-14,1.8689999999987776
at2017gfo,57984.37936343,17.96,0.07,i,AB,0.2376840286624864,0.015324981854109363,1.4094316827668423e-13,9.086941870530835e-15,1.8793634300018311
at2017gfo,57984.39232639,18.18,0.08,i,AB,0.19408858775927715,0.014301840026806912,1.1509170657816792e-13,8.480270332612306e-15,1.8923263899996527
at2017gfo,57984.45625,18.46,0.17,r,AB,0.14996848355023681,0.0234828525046988,1.254425263544119e-13,1.96412622023603e-14,1.9562500000029104
at2017gfo,57984.699,17.52,0.04,H,AB,0.3564511334262432,0.013132938794832523,9.771337276877905e-14,3.599893688376979e-15,2.199000000000524
at2017gfo,57984.699,17.69,0.04,J,AB,0.30478949896279706,0.011229538805813162,9.779708842950969e-14,3.602977887296154e-15,2.199000000000524
at2017gfo,57984.699,17.61,0.04,Ks,AB,0.3280952931131177,0.0120882078895642,5.5511187170761024e-14,2.0451077131807458e-15,2.199000000000524
at2017gfo,57984.718519,20.45,0.09,B,AB,0.023988329190194852,0.001988586278399921,3.6569382347220466e-14,3.0313481274975385e-15,2.2185190000018338
at2017gfo,57984.718519,18.26,0.12,I,AB,0.1803017740859559,0.019928892981011134,1.2682967889841576e-13,1.4017734143074206e-14,2.2185190000018338
at2017gfo,57984.718519,18.59,0.05,R,AB,0.13304544179780872,0.006127339346865965,1.5269453735575212e-13,7.031843309939541e-15,2.2185190000018338
at2017gfo,57984.718519,19.25,0.05,V,AB,0.07244359600749876,0.003336352529234265,6.51253619605842e-14,2.999133752525652e-15,2.2185190000018338
at2017gfo,57984.738,18.92,0.1,r,AB,0.09817479430199784,0.009042779246977722,8.211921551798549e-14,7.563459260003122e-15,2.2379999999975553
at2017gfo,57984.741,18.9,0.11,r,AB,0.0999999999999998,0.010131986771550656,8.364592572038019e-14,8.474481912751127e-15,2.2410000000018044
at2017gfo,57984.745,18.33,0.12,i,AB,0.16904409316432598,0.018684572899087985,1.002406859354933e-13,1.1079010039035097e-14,2.2450000000026193
at2017gfo,57984.748,18.26,0.15,i,AB,0.1803017740859559,0.024911116226263914,1.0691632680825728e-13,1.4771036418382323e-14,2.2479999999995925
at2017gfo,57984.7494167,18.0,0.3,R,AB,0.22908676527677654,0.06330283841786263,2.629199254448964e-13,7.264746011766278e-14,2.2494166999968
at2017gfo,57984.751,18.25,0.3,z,AB,0.18197008586099753,0.05028323189349731,7.973888887009906e-14,2.2032669221303833e-14,2.2509999999965657
at2017gfo,57984.758,19.93,0.21,g,AB,0.03872576449216157,0.007490679640552849,5.666825192096366e-14,1.0960611658016327e-14,2.25800000000163
at2017gfo,57984.758,19.11,0.06,w,AB,0.08241381150129998,0.004554630806859499,1.0750079938521777e-12,5.940713715584298e-14,2.25800000000163
at2017gfo,57984.761,19.8,0.2,g,AB,0.04365158322401639,0.008041404796054129,6.387630941122315e-14,1.1766451027660587e-14,2.260999999998603
at2017gfo,57984.761,19.11,0.06,w,AB,0.08241381150129998,0.004554630806859499,1.0750079938521777e-12,5.940713715584298e-14,2.260999999998603
at2017gfo,57984.76111,18.8,0.07,r,AB,0.10964781961431806,0.007069683459119548,9.171593374860913e-14,5.913144771508144e-15,2.261109999999462
at2017gfo,57984.96,18.354,0.105,I,AB,0.16534840121711486,0.015991574586548173,1.163110276593032e-13,1.1248273614443416e-14,2.459999999999127
at2017gfo,57984.96,20.314,0.282,g,AB,0.02718942354402206,0.007062379278918347,3.9786873756624895e-14,1.0333908319717208e-14,2.459999999999127
at2017gfo,57984.96,19.178,0.1,r,AB,0.07741052270741186,0.007130203564093815,6.475074832359989e-14,5.96376431400521e-15,2.459999999999127
at2017gfo,57984.962,17.55,0.06,Ks,AB,0.3467368504525303,0.019162544629059183,5.866519455929675e-14,3.2419584592759722e-15,2.4619999999995343
at2017gfo,57984.9625,17.55,0.01,J,AB,0.3467368504525303,0.0031937574381765304,1.1125663627149717e-13,1.0247114887016408e-15,2.462500000001455
at2017gfo,57984.96775462963,17.71,0.09,H,AB,0.29922646366081773,0.024805297403257813,8.202646658724402e-14,6.79942509101143e-15,2.4677546296297805
at2017gfo,57984.968,19.1,0.11,r,AB,0.08317637711026675,0.008427419525867327,6.957365061455717e-14,7.048767033891234e-15,2.4680000000007567
at2017gfo,57984.96892,17.64,0.08,H,AB,0.3191537855100745,0.023517541330024733,8.74891111001779e-14,6.4464359365942215e-15,2.4689199999993434
at2017gfo,57984.96892,17.73,0.09,J,AB,0.29376496519615186,0.02435254970164736,9.425967225428143e-14,7.813472983315663e-15,2.4689199999993434
at2017gfo,57984.96892,17.66,0.1,K,AB,0.31332857243155765,0.028860372282049004,5.301277218932498e-14,4.882656759257148e-15,2.4689199999993434
at2017gfo,57984.96892,20.19,0.11,g,AB,0.030478949896279712,0.0030881231715986163,4.4600509083775536e-14,4.518644563674869e-15,2.4689199999993434
at2017gfo,57984.96892,18.58,0.04,i,AB,0.13427649611378614,0.004947227935836574,7.96240071066914e-14,2.933456828933116e-15,2.4689199999993434
at2017gfo,57984.96892,19.13,0.17,r,AB,0.08090958991783798,0.01266924837324102,6.767757548333924e-14,1.0596669597778294e-14,2.4689199999993434
at2017gfo,57984.96892,18.33,0.06,z,AB,0.16904409316432598,0.009342286449543992,7.407474747950296e-14,4.093521823526438e-15,2.4689199999993434
at2017gfo,57984.969,18.77,0.04,r,AB,0.11271974561755072,0.004152999896325743,9.428547469145816e-14,3.473605256166698e-15,2.4689999999973224
at2017gfo,57984.9714,17.57,0.01,H,AB,0.3404081897009995,0.003135464795434577,9.331554654933275e-14,8.594679457163411e-16,2.471400000002177
at2017gfo,57984.9714,19.4,0.11,V,AB,0.06309573444801918,0.006392851467686038,5.672181905037964e-14,5.7466998596880285e-15,2.471400000002177
at2017gfo,57984.9746503,17.771985892,0.0323418323291,Y,AB,0.28262179033005813,0.008419226500421229,5.851270739170003e-14,1.742972338299818e-15,2.474650299998757
at2017gfo,57984.975,18.61,0.15,i,AB,0.1306170888131838,0.01804650839991325,7.745403185903133e-14,1.0700669949053492e-14,2.474999999998545
at2017gfo,57984.97569,18.1814465669,0.0299411051811,z,AB,0.1938301684732724,0.005345534404821935,8.493595082089016e-14,2.3422597736358303e-15,2.475689999999304
at2017gfo,57984.976,19.34,0.08,r,AB,0.06668067692136193,0.004913510810802061,5.577566948748931e-14,4.109703203636976e-15,2.4760000000023865
at2017gfo,57984.976389,18.3834253954,0.03149113467893,i,AB,0.16092734334864192,0.004667884269370671,9.54275714760603e-14,2.767820113454986e-15,2.4763890000031097
at2017gfo,57984.97707919999,19.0348518723,0.0338112170222,r,AB,0.0883200387805412,0.0027505654490087585,7.387611403458277e-14,2.300596879272817e-15,2.4770791999908397
at2017gfo,57984.9777679,20.2091788065,0.0499190807263,g,AB,0.029945286835767124,0.0013768828338218233,4.3819588341457826e-14,2.0147007700620617e-15,2.4777679000035278
at2017gfo,57984.978,18.46,0.1,i,AB,0.14996848355023681,0.013813442649822823,8.892912717848168e-14,8.190675302965722e-15,2.478000000002794
at2017gfo,57984.978,19.29,0.12,r,AB,0.06982324040771691,0.007717616161721338,5.84042958070016e-14,6.455081322816773e-15,2.478000000002794
at2017gfo,57984.978519,20.82,0.1,B,AB,0.017060823890031142,0.0015714549269595598,2.600863891129871e-14,2.3954841698488472e-15,2.478518999996595
at2017gfo,57984.978519,18.81,0.05,R,AB,0.10864256236170623,0.005003477293982629,1.246876674074635e-13,5.742079285052497e-15,2.478518999996595
at2017gfo,57984.978519,19.51,0.05,V,AB,0.057016427228074436,0.002625862211072417,5.1256641933447124e-14,2.360455592657772e-15,2.478518999996595
at2017gfo,57984.979,17.67,0.03,Ks,AB,0.31045595881283367,0.008578733639565584,5.2526748172506036e-14,1.451367687905574e-15,2.4789999999993597
at2017gfo,57984.97954861,19.12,0.06,r,AB,0.0816582371358589,0.0045128737006291,6.830378837923258e-14,3.7746068380089725e-15,2.479548609997437
at2017gfo,57984.98001819999,22.260568039899997,0.159378300537,u,AB,0.00452660693071977,0.0006645136472741787,5.8421818115071695e-15,8.575904574846603e-16,2.48001819998899
at2017gfo,57984.9801,17.52,0.01,J1,AB,0.3564511334262432,0.0032832346987081307,2.3080894140399835e-13,2.125828911226333e-15,2.480100000000675
at2017gfo,57984.982,18.19,0.2,z,AB,0.19230917289101498,0.03542679992326571,8.426945392316263e-14,1.552300707185782e-14,2.482000000003609
at2017gfo,57984.985,18.78,0.03,r,AB,0.11168632477805568,0.003086193723311925,9.342106026367521e-14,2.581319288818044e-15,2.485000000000582
at2017gfo,57984.985,19.15,0.06,r,AB,0.07943282347242789,0.004389885363543045,6.644232051934802e-14,3.6717383225227846e-15,2.485000000000582
at2017gfo,57984.988,18.37,0.03,i,AB,0.1629296032639715,0.0045021834135397,9.661488245260319e-14,2.66956785716083e-15,2.4879999999975553
at2017gfo,57984.988,19.56,0.07,w,AB,0.05445026528424199,0.003510750520883232,7.102507380939244e-13,4.57915573310465e-14,2.4879999999975553
at2017gfo,57984.988519,18.4,0.13,I,AB,0.1584893192461111,0.018977774471306965,1.1148614355413853e-13,1.3348729275603963e-14,2.4885189999986324
at2017gfo,57984.989,17.66,0.02,J,AB,0.31332857243155765,0.0057720744564098,1.0053700081485203e-13,1.851959994964863e-15,2.489000000001397
at2017gfo,57984.99,18.01,0.13,z,AB,0.22698648518838122,0.02717973895294818,9.946497542061147e-14,1.1909381623282995e-14,2.4899999999979627
at2017gfo,57984.992,19.48,0.07,w,AB,0.058613816451402616,0.003779200809463613,7.645602125130243e-13,4.929301854480769e-14,2.49199999999837
at2017gfo,57984.999,17.51,0.02,Y,AB,0.35974933515574015,0.006627228190676559,7.448083729758927e-14,1.3719877254011486e-15,2.4990000000034343
at2017gfo,57985.0,19.51,0.08,V,AB,0.057016427228074436,0.004201379537715867,5.1256641933447124e-14,3.7767289482524344e-15,2.5
at2017gfo,57985.0,18.36,0.02,i,AB,0.16443717232149258,0.0030292277358410225,9.750884895324967e-14,1.7961793762780837e-15,2.5
at2017gfo,57985.002,18.46,0.1,i,AB,0.14996848355023681,0.013813442649822823,8.892912717848168e-14,8.190675302965722e-15,2.5020000000004075
at2017gfo,57985.006,18.45,0.11,i,AB,0.1513561248436204,0.01533538254708733,8.975197826116323e-14,9.093108957278718e-15,2.5060000000012224
at2017gfo,57985.0094,18.93,0.02,r,AB,0.09727472237769623,0.0017919749097037863,8.136634202475399e-14,1.4988234097412281e-15,2.5094000000026426
at2017gfo,57985.016,19.46,0.06,w,AB,0.059703528658383416,0.0032995383413543804,7.787744481145903e-13,4.3036666440799627e-14,2.5160000000032596
at2017gfo,57985.0164,19.53,0.12,V,AB,0.0559757601495107,0.006187043578498216,5.032110278427359e-14,5.561693814436293e-15,2.5164000000004307
at2017gfo,57985.017,20.15,0.33,g,AB,0.031622776601683666,0.009612046626238832,4.6274295534366695e-14,1.4064666407382793e-14,2.5169999999998254
at2017gfo,57985.019,17.76,0.02,J,AB,0.2857590543374932,0.005264194469815111,9.169083449947878e-14,1.6890075894614717e-15,2.519000000000233
at2017gfo,57985.019,17.6,0.04,Ks,AB,0.33113112148258944,0.012200058700037564,5.602482586163341e-14,2.064030861865347e-15,2.519000000000233
at2017gfo,57985.019,19.36,0.05,w,AB,0.06546361740672735,0.0030148932071946163,8.539092020710924e-13,3.932397198918673e-14,2.519000000000233
at2017gfo,57985.0537,19.59,0.2,V,AB,0.052966344389165594,0.009757350921607694,4.761569745538734e-14,8.771135612263156e-15,2.553699999996752
at2017gfo,57985.23125,18.44,0.09,i,AB,0.1527566058238064,0.012663228350240092,9.058244309117075e-14,7.508656193353599e-15,2.7312499999970896
at2017gfo,57985.23125,18.08,0.11,y,AB,0.21281390459827093,0.02156227666191725,4.406000582651961e-14,4.463884154988488e-15,2.7312499999970896
at2017gfo,57985.23125,18.31,0.07,z,AB,0.17218685749860027,0.011101967942613531,7.545189985490495e-14,4.864563755631542e-15,2.7312499999970896
at2017gfo,57985.357,19.36,0.09,r,AB,0.06546361740672735,0.005426807772950308,5.475764878990514e-14,4.539029249917403e-15,2.857000000003609
at2017gfo,57985.358519,18.62,0.1,I,AB,0.1294195841449981,0.011920704677606444,9.103761947706269e-14,8.38487462038195e-15,2.8585190000012517
at2017gfo,57985.358519,19.1,0.05,R,AB,0.08317637711026675,0.0038306452390306036,9.546045509083297e-14,4.3961164172515904e-15,2.8585190000012517
at2017gfo,57985.364,18.53,0.13,i,AB,0.14060475241299072,0.01683624671732049,8.337657095162403e-14,9.983045767664836e-15,2.864000000001397
at2017gfo,57985.367,18.62,0.14,i,AB,0.1294195841449981,0.01668898654864902,7.67439290266703e-14,9.89572790945782e-15,2.86699999999837
at2017gfo,57985.377,19.68,0.05,w,AB,0.04875284901033851,0.0022452873693098027,6.359334855948925e-13,2.9285819281330836e-14,2.8770000000004075
at2017gfo,57985.381,19.61,0.05,w,AB,0.051999599653351415,0.0023948147991531207,6.782841890959511e-13,3.123614125251771e-14,2.8810000000012224
at2017gfo,57985.38399306,19.34,0.08,r,AB,0.06668067692136193,0.004913510810802061,5.577566948748931e-14,4.109703203636976e-15,2.8839930600006483
at2017gfo,57985.38539352,20.43,0.11,g,AB,0.024434305526939613,0.0024756806037097966,3.575524974838575e-14,3.622498222944134e-15,2.8853935200022534
at2017gfo,57985.391,18.7,0.18,i,AB,0.12022644346174083,0.019933081114008187,7.129253045520194e-14,1.1819312486493975e-14,2.8910000000032596
at2017gfo,57985.395,18.63,0.15,i,AB,0.1282330582656018,0.01771712250030767,7.604033645620833e-14,1.0505360711419006e-14,2.8949999999967986
at2017gfo,57985.39703704,19.37,0.09,r,AB,0.0648634433548235,0.005377054500231528,5.4255627648256754e-14,4.497415179620808e-15,2.897037039998395
at2017gfo,57985.3984375,20.21,0.12,g,AB,0.029922646366081707,0.0033073729871010388,4.3786458050640846e-14,4.839458187955885e-15,2.8984375
at2017gfo,57985.405,19.53,0.07,w,AB,0.0559757601495107,0.00360910875412396,7.301493345169108e-13,4.7074467252908496e-14,2.904999999998836
at2017gfo,57985.408,19.56,0.08,w,AB,0.05445026528424199,0.004012286309580836,7.102507380939244e-13,5.233320837833885e-14,2.908000000003085
at2017gfo,57985.47916667,19.18,0.12,r,AB,0.0772680585095699,0.00854049760017125,6.4631582826495e-14,7.14334651933905e-15,2.97916666999663
at2017gfo,57985.699,17.57,0.04,H,AB,0.3404081897009995,0.012541859181738307,9.331554654933275e-14,3.4378717828653645e-15,3.199000000000524
at2017gfo,57985.699,17.78,0.05,J,AB,0.2805433637951699,0.012920280230995423,9.001728816364931e-14,4.145449316747361e-15,3.199000000000524
at2017gfo,57985.699,17.55,0.05,Ks,AB,0.3467368504525303,0.01596878719088265,5.866519455929675e-14,2.7016320493966438e-15,3.199000000000524
at2017gfo,57985.718519,18.73,0.11,I,AB,0.11694993910198652,0.011849352359149858,8.226609692937891e-14,8.334686291729203e-15,3.2185190000018338
at2017gfo,57985.718519,19.3,0.05,R,AB,0.06918309709189334,0.0031861919297725898,7.94005481175284e-14,3.656530369419549e-15,3.2185190000018338
at2017gfo,57985.726,19.75,0.12,r,AB,0.04570881896148733,0.005052230717029019,3.8233564756188824e-14,4.2257297404618924e-15,3.2260000000023865
at2017gfo,57985.733,18.84,0.2,i,AB,0.10568175092136543,0.019468474587810713,6.266773955197407e-14,1.1543824232320701e-14,3.2330000000001746
at2017gfo,57985.736,18.76,0.15,i,AB,0.11376272858234242,0.015717851742160963,6.74596416445145e-14,9.319893913762751e-15,3.235999999997148
at2017gfo,57985.74,18.42,0.34,z,AB,0.15559656316050657,0.048728253516176406,6.818206959523258e-14,2.1351322320087217e-14,3.2399999999979627
at2017gfo,57985.746,20.13,0.13,w,AB,0.03221068791283428,0.003856961299872721,4.2015708730117866e-13,5.0307267188645574e-14,3.245999999999185
at2017gfo,57985.75,19.99,0.06,w,AB,0.03664375746478326,0.002025131268507792,4.779821668459183e-13,2.64142706903137e-14,3.25
at2017gfo,57985.77639,19.52,0.13,r,AB,0.05649369748123012,0.006764649220205,4.725467623184613e-14,5.658011479416851e-15,3.2763899999990826
at2017gfo,57985.9687,20.54,0.2,V,AB,0.022080047330188972,0.0040675408629943085,1.9849526441737386e-14,3.656417895018845e-15,3.468699999997625
at2017gfo,57985.9728,17.85,0.01,J,AB,0.2630267991895371,0.0024227127726833644,8.439678934873624e-14,7.773231562038336e-16,3.47280000000319
at2017gfo,57985.97302083,20.04,0.08,r,AB,0.034994516702835626,0.002578647129526837,2.927148744745999e-14,2.156802900681081e-15,3.473020830002497
at2017gfo,57985.97433,17.72,0.07,H,AB,0.29648313895243333,0.01911612972088833,8.127444342132085e-14,5.2399570121729984e-15,3.4743299999972805
at2017gfo,57985.97433,17.95,0.07,J,AB,0.23988329190194851,0.015466782165332732,7.697078669288499e-14,4.9624900089817225e-15,3.4743299999972805
at2017gfo,57985.97433,17.86,0.1,K,AB,0.26061535499988875,0.024005012084744096,4.409410331279974e-14,4.061216999079675e-15,3.4743299999972805
at2017gfo,57985.97433,21.13,0.16,g,AB,0.01282330582656018,0.0018898264000328227,1.8764621811046673e-14,2.7652568612983712e-15,3.4743299999972805
at2017gfo,57985.97433,19.03,0.01,i,AB,0.08871560120379564,0.0008171502707518377,5.26070597995012e-14,4.845289267223098e-16,3.4743299999972805
at2017gfo,57985.97433,19.81,0.02,r,AB,0.043251383103500796,0.0007967680753744347,3.6178019783791414e-14,6.664237523856123e-16,3.4743299999972805
at2017gfo,57985.97433,18.74,0.02,z,AB,0.1158777356155124,0.002134675789770212,5.0777367274653176e-14,9.353536715847997e-16,3.4743299999972805
at2017gfo,57985.978519,18.87,0.11,I,AB,0.10280162981264683,0.01041584753355588,7.231375157271613e-14,7.326376921151673e-15,3.478518999996595
at2017gfo,57985.978519,19.54,0.06,R,AB,0.05546257129579094,0.0030651602110098506,6.365367764678052e-14,3.517632222329399e-15,3.478518999996595
at2017gfo,57985.979,17.54,0.02,Ks,AB,0.34994516702835626,0.006446617823817078,5.92080169212205e-14,1.0906519771883314e-15,3.4789999999993597
at2017gfo,57985.979,19.28,0.01,r,AB,0.07046930689671439,0.0006490855320707765,5.894470410249258e-14,5.429007879093772e-16,3.4789999999993597
at2017gfo,57985.982575,18.053540582,0.0348967018550999,Y,AB,0.2180638960679785,0.007009226256450448,4.514693976150449e-14,1.4510700570018735e-15,3.482575000001816
at2017gfo,57985.9836053,18.5613837282,0.0335715603031,z,AB,0.13659868191582572,0.0042239616260271,5.985724008180301e-14,1.85081876811047e-15,3.4836053000035463
at2017gfo,57985.984105,23.0620125727,0.320547847388,u,AB,0.0021636896663572982,0.0006388365632215417,2.7925261919149444e-15,8.244528050829373e-16,3.484105000003183
at2017gfo,57985.98427180001,18.7253377929,0.0315727125525999,i,AB,0.11745320791270959,0.003415692038535532,6.964804215341103e-14,2.025333230230515e-15,3.4842718000072637
at2017gfo,57985.9849566,19.2904674945,0.0435129039438,r,AB,0.06979318250390634,0.0027972610566196513,5.837915359510712e-14,2.339653491862815e-15,3.484956599997531
at2017gfo,57985.98563919999,20.9284740878,0.082903420644,g,AB,0.015438687083837893,0.0011789211090584464,2.2591765984966913e-14,1.725036588385438e-15,3.4856391999928746
at2017gfo,57985.989,17.86,0.02,J,AB,0.26061535499988875,0.00480100241694882,8.362303493311362e-14,1.5403932293432593e-15,3.489000000001397
at2017gfo,57985.989,17.76,0.01,Y,AB,0.2857590543374932,0.0026320972349075556,5.916223201138043e-14,5.449042939906388e-16,3.489000000001397
at2017gfo,57985.9893,20.52,0.12,V,AB,0.022490546058357735,0.0024858972561625243,2.0218556690506137e-14,2.234637467395891e-15,3.4893000000010943
at2017gfo,57985.990193,18.91,0.04,i,AB,0.09908319448927647,0.0036505804212666553,5.875489166385711e-14,2.164610202970837e-15,3.4901929999978165
at2017gfo,57985.990193,19.88,0.05,r,AB,0.04055085354483827,0.0018675486895063183,3.391913683509564e-14,1.5620339768743293e-15,3.4901929999978165
at2017gfo,57985.9951,21.72,0.13,B,AB,0.007447319739059859,0.0008917544418505597,1.1353182659799536e-14,1.3593667958256262e-15,3.495100000000093
at2017gfo,57986.0,18.38,0.05,z,AB,0.16143585568264807,0.007434845246502533,7.074083465433529e-14,3.2577358268205805e-15,3.5
at2017gfo,57986.0013,20.77,0.05,g,AB,0.017864875748520463,0.0008227576579972981,2.6142060530755498e-14,1.203886377565311e-15,3.501300000003539
at2017gfo,57986.003,20.18,0.1,r,AB,0.030760968147406927,0.0028333611122692594,2.5730296567449963e-14,2.3698478925810354e-15,3.502999999996973
at2017gfo,57986.0046,18.92,0.05,i,AB,0.09817479430199784,0.004521389623488861,5.821622357926333e-14,2.680956171680396e-15,3.5046000000002095
at2017gfo,57986.0076,19.82,0.09,r,AB,0.04285485203974375,0.0035525846778827353,3.5846337704743036e-14,2.9714127421453784e-15,3.5075999999971827
at2017gfo,57986.0156,20.55,0.15,V,AB,0.021877616239495433,0.003022687068158584,1.966754488946701e-14,2.717171740696673e-15,3.5155999999988126
at2017gfo,57986.02,20.94,0.06,g,AB,0.015275660582380638,0.0008442152233493385,2.2353205766065448e-14,1.235283801061701e-15,3.5199999999967986
at2017gfo,57986.02,19.74,0.02,r,AB,0.046131757456037814,0.0008498297387144714,3.85873355751835e-14,7.108049893902092e-16,3.5199999999967986
at2017gfo,57986.02,18.3,0.02,z,AB,0.17378008287493693,0.0032013409106324366,7.615004768853171e-14,1.40273571710719e-15,3.5199999999967986
at2017gfo,57986.028519,17.69,0.02,H,AB,0.30478949896279706,0.005614769402906581,8.355145245827553e-14,1.5390746314274086e-15,3.5285189999995055
at2017gfo,57986.028519,17.94,0.02,J,AB,0.24210290467361653,0.004459969868194681,7.768298861338695e-14,1.4309735324832837e-15,3.5285189999995055
at2017gfo,57986.028519,17.62,0.02,Ks,AB,0.32508729738543274,0.00598869126674248,5.5002257547711544e-14,1.0131790264830366e-15,3.5285189999995055
at2017gfo,57986.029,17.72,0.04,H,AB,0.29648313895243333,0.010923502697650474,8.127444342132085e-14,2.9942611498131418e-15,3.52900000000227
at2017gfo,57986.029,17.93,0.06,J,AB,0.24434305526939612,0.01350371238387163,7.840178045712308e-14,4.332642502674319e-15,3.52900000000227
at2017gfo,57986.029,17.61,0.06,Ks,AB,0.3280952931131177,0.0181323118343463,5.5511187170761024e-14,3.0676615697711183e-15,3.52900000000227
at2017gfo,57986.038519,20.9,0.01,g,AB,0.01584893192461111,0.00014598288054851544,2.3192086166920046e-14,2.1360700753353419e-16,3.5385190000015427
at2017gfo,57986.038519,18.93,0.01,i,AB,0.09727472237769623,0.0008959874548518931,5.768249403335375e-14,5.312754035516733e-16,3.5385190000015427
at2017gfo,57986.038519,19.66,0.01,r,AB,0.04965923214503338,0.00045740607561712903,4.1537924433345946e-14,3.8257842237654113e-16,3.5385190000015427
at2017gfo,57986.048519,18.46,0.01,z,AB,0.14996848355023681,0.001381344264982282,6.571585756663463e-14,6.0526541602501e-16,3.54851900000358
at2017gfo,57986.0531,20.68,0.31,V,AB,0.019408858775927715,0.005541963010387671,1.7448180690717146e-14,4.9818141740306694e-15,3.5530999999973574
at2017gfo,57986.23556,18.1,0.3,z,AB,0.2089296130854028,0.05773287479908645,9.155249403034163e-14,2.5296888957682884e-14,3.735560000000987
at2017gfo,57986.358519,19.0,0.1,I,AB,0.09120108393559061,0.008400437963513509,6.415357946075472e-14,5.908763029141698e-15,3.8585190000012517
at2017gfo,57986.358519,19.64,0.09,R,AB,0.05058246620031117,0.004193189005205149,5.80528439787308e-14,4.812178073448046e-15,3.8585190000012517
at2017gfo,57986.4944444,19.86,0.21,r,AB,0.04130475019901603,0.007989529849992117,3.45497406704576e-14,6.682512298106874e-15,3.994444399999338
at2017gfo,57986.709,17.77,0.04,H,AB,0.2831391995799367,0.010431864089641323,7.761649090038e-14,2.8594971986835605e-15,4.209000000002561
at2017gfo,57986.709,18.13,0.12,J,AB,0.20323570109362168,0.022463797472589832,6.521176057418037e-14,7.207470133728218e-15,4.209000000002561
at2017gfo,57986.709,17.57,0.07,Ks,AB,0.3404081897009995,0.021948253568042038,5.759443408545675e-14,3.71325039020882e-15,4.209000000002561
at2017gfo,57986.715,20.3,0.31,r,AB,0.027542287033381525,0.007864364294813351,2.3038000953636258e-14,6.577822738459969e-15,4.2149999999965075
at2017gfo,57986.718519,19.23,0.1,I,AB,0.07379042301290986,0.006796759907581178,5.190639805931108e-14,4.7807559360953814e-15,4.218519000001834
at2017gfo,57986.718519,19.94,0.06,R,AB,0.038370724549227686,0.002120572764805033,4.403758560893306e-14,2.4336069157098796e-15,4.218519000001834
at2017gfo,57986.968519,19.22,0.1,I,AB,0.07447319739059874,0.006859649552696622,5.238668204720497e-14,4.824991726132519e-15,4.468519000001834
at2017gfo,57986.968519,20.12,0.08,R,AB,0.03250872973854334,0.0023954765066969896,3.730984978045157e-14,2.7490913256420697e-15,4.468519000001834
at2017gfo,57986.969,20.25,0.28,r,AB,0.028840315031266002,0.007438064846141765,2.4123748488576448e-14,6.2212621695765734e-15,4.4689999999973224
at2017gfo,57986.97,20.238,0.058,R,AB,0.029160837985212223,0.0015578653666711952,3.3467517600677095e-14,1.7878339253425697e-15,4.470000000001164
at2017gfo,57986.971,18.08,0.02,Y,AB,0.21281390459827093,0.003920413938530409,4.406000582651961e-14,8.116153009069978e-16,4.47099999999773
at2017gfo,57986.97337962963,17.92,0.1,H,AB,0.24660393372343262,0.022714434493619835,6.760113755438821e-14,6.22629486408698e-15,4.473379629627743
at2017gfo,57986.97426,18.02,0.1,H,AB,0.22490546058357735,0.02071581046802106,6.165297020239202e-14,5.678448405073359e-15,4.474260000002687
at2017gfo,57986.97426,18.17,0.07,J,AB,0.1958844673505981,0.012629901657854128,6.285298752301227e-14,4.0522818593775975e-15,4.474260000002687
at2017gfo,57986.97426,17.53,0.11,K,AB,0.3531831697919556,0.03578447204266426,5.97558619566189e-14,6.0540901062541055e-15,4.474260000002687
at2017gfo,57986.97426,21.58,0.22,g,AB,0.008472274141405946,0.0017168193905135153,1.2397662684898975e-14,2.5121072491870854e-15,4.474260000002687
at2017gfo,57986.97426,19.51,0.04,i,AB,0.057016427228074436,0.0021006897688579337,3.380991117730137e-14,1.2456031595569075e-15,4.474260000002687
at2017gfo,57986.97426,20.53,0.05,r,AB,0.022284351492702897,0.0010262943388029628,1.863995209685481e-14,8.584015166468185e-16,4.474260000002687
at2017gfo,57986.97426,19.07,0.06,z,AB,0.08550667128846806,0.004725558885676855,3.7468834106785506e-14,2.070604292787628e-15,4.474260000002687
at2017gfo,57986.97524169999,18.3533040928,0.0300463285529999,Y,AB,0.16545441594396668,0.004579011178123145,3.4254916492772325e-14,9.479599841903521e-16,4.475241699990875
at2017gfo,57986.977667299994,18.8080891149,0.02695136163562,z,AB,0.10883394057123894,0.0027017614113831402,4.769079187627634e-14,1.18383431713318e-15,4.477667299994209
at2017gfo,57986.979,17.6,0.02,Ks,AB,0.33113112148258944,0.006100029350018782,5.602482586163341e-14,1.0320154309326736e-15,4.47899999999936
at2017gfo,57986.98,18.73,0.01,z,AB,0.11694993910198652,0.0010772138508318052,5.124720446931944e-14,4.720041962746908e-16,4.480000000003201
at2017gfo,57986.9800763,19.2227146535,0.02611066364563,i,AB,0.07428722551706264,0.0017866273494088398,4.405124309688988e-14,1.0593799733619478e-15,4.480076300002111
at2017gfo,57986.98065972,20.14,0.12,R,AB,0.031915378551007456,0.003527631199503706,3.662886827634287e-14,4.048372131184782e-15,4.4806597200004035
at2017gfo,57986.983,17.83,0.02,H,AB,0.2679168324819026,0.0049355087319679835,7.344360802474946e-14,1.3528812561078863e-15,4.483000000000175
at2017gfo,57986.9836909,20.2519395671,0.0485133686263,r,AB,0.02878884047243643,0.0012864340713984114,2.4080692117332973e-14,1.0759846529432595e-15,4.483690900000511
at2017gfo,57986.9885,19.39,0.04,i,AB,0.06367955209079136,0.0023461831978260714,3.77610472046531e-14,1.3911683902284582e-15,4.488499999999476
at2017gfo,57986.989,18.08,0.03,J,AB,0.21281390459827093,0.005880620907795613,6.828509616588446e-14,1.886786934062762e-15,4.489000000001397
at2017gfo,57986.989,18.07,0.02,Y,AB,0.21478304741305246,0.003956689082077074,4.4467688040970405e-14,8.191250848243835e-16,4.489000000001397
at2017gfo,57986.989,19.86,0.01,r,AB,0.04130475019901603,0.000380453802380577,3.45497406704576e-14,3.182148713384226e-16,4.489000000001397
at2017gfo,57986.9909464,21.7307173599,0.1115090585738999,g,AB,0.0073741684832393664,0.0007573997095455236,1.079078083533821e-14,1.1082524529923898e-15,4.490946400001121
at2017gfo,57986.992,20.64,0.09,w,AB,0.020137242498623815,0.00166933861045825,2.626707376568664e-13,2.1773582096200146e-14,4.49199999999837
at2017gfo,57986.9965,20.58,0.12,r,AB,0.021281390459827094,0.002352248363118243,1.7801016056291083e-14,1.967441002145443e-15,4.496500000001106
at2017gfo,57986.998,18.1,0.02,J,AB,0.2089296130854028,0.003848858319939097,6.703875269977875e-14,1.2348994609553974e-15,4.4979999999995925
at2017gfo,57987.0,21.85,0.22,V,AB,0.006606934480075937,0.0013388274550526268,5.939503602502983e-15,1.203506696031885e-15,4.5
at2017gfo,57987.0,18.927,0.027,z,AB,0.09754387404402966,0.002425859774492518,4.274350971234502e-14,1.0629421374876333e-15,4.5
at2017gfo,57987.004,20.92,0.12,r,AB,0.015559656316050687,0.001719820712335636,1.3015018564470227e-14,1.4384730111163113e-15,4.504000000000815
at2017gfo,57987.0044,21.75,0.1,g,AB,0.007244359600749861,0.0006672705058468522,1.0600828679429673e-14,9.763724036255374e-16,4.504399999997986
at2017gfo,57987.01,19.284,0.055,I,AB,0.07021016602403131,0.003556842366919306,4.9387937846840866e-14,2.501838448116747e-15,4.510000000002037
at2017gfo,57987.0192,21.78,0.06,g,AB,0.007046930689671425,0.0003894513192424655,1.0311926667650435e-14,5.698581269995096e-16,4.519200000002456
at2017gfo,57987.02,22.729,0.128,B,AB,0.0029403565736725013,0.00034666651820325047,4.482472410948242e-15,5.28449236644173e-16,4.519999999996799
at2017gfo,57987.02,21.082,0.054,V,AB,0.01340293773418305,0.0006666466311294203,1.2048976298519071e-14,5.992659333534641e-16,4.519999999996799
at2017gfo,57987.0217,22.52,0.14,B,AB,0.003564511334262425,0.00045965285781913724,5.4339748646156245e-15,7.006826130622212e-16,4.521699999997509
at2017gfo,57987.035112,19.43,0.04,i,AB,0.061376200516479205,0.0022613194608036664,3.6395193258279456e-14,1.3408484712504252e-15,4.535111999997753
at2017gfo,57987.035112,18.75,0.08,z,AB,0.11481536214968795,0.00846041985797407,5.0311837573278914e-14,3.707113190315822e-15,4.535111999997753
at2017gfo,57987.039,17.72,0.09,Ks,AB,0.29648313895243333,0.024577881069713564,5.016265507255842e-14,4.158136144622705e-15,4.538999999997031
at2017gfo,57987.049,18.02,0.07,H,AB,0.22490546058357735,0.014501067327614742,6.165297020239202e-14,3.9749138835513514e-15,4.548999999999069
at2017gfo,57987.049,18.15,0.06,J,AB,0.1995262314968875,0.011026893480566312,6.402151180441329e-14,3.5379594890828294e-15,4.548999999999069
at2017gfo,57987.319,18.26,0.01,F110W,AB,0.1803017740859559,0.0016607410817509277,1.613428452392141e-13,1.4860225212362338e-15,4.819000000003143
at2017gfo,57987.320519,18.429,0.026,F110W,AB,0.1543121065657788,0.003695517616616306,1.3808601969889798e-13,3.306730029299471e-15,4.820519000000786
at2017gfo,57987.358,20.69,0.33,r,AB,0.01923091728910146,0.005845421987338836,1.6085878790989654e-14,4.8891618219631076e-15,4.858000000000175
at2017gfo,57987.358519,19.52,0.13,I,AB,0.05649369748123012,0.006764649220205,3.973936223119362e-14,4.7581696800891135e-15,4.858519000001252
at2017gfo,57987.358519,20.33,0.05,R,AB,0.026791683248190264,0.001233877182991999,3.074846926947966e-14,1.416019339445789e-15,4.858519000001252
at2017gfo,57987.452,18.063,0.03,F160W,AB,0.21617227843354642,0.005973421814903631,7.609057286951834e-14,2.1024602256807603e-15,4.951999999997497
at2017gfo,57987.453519,18.116,0.032,F160W,AB,0.20587328767335183,0.006068088515845967,7.246542670091753e-14,2.135779984371012e-15,4.953519000002416
at2017gfo,57987.49027778,20.2,0.23,r,AB,0.03019951720402007,0.006397786820747278,2.5260665728388114e-14,5.351164575766864e-15,4.990277780001634
at2017gfo,57987.709,17.94,0.05,H,AB,0.24210290467361653,0.011149924670486703,6.636727773983178e-14,3.0563260877266362e-15,5.209000000002561
at2017gfo,57987.709,18.31,0.06,J,AB,0.17218685749860027,0.009515972522240169,5.524919128281852e-14,3.053183141947066e-15,5.209000000002561
at2017gfo,57987.709,17.68,0.04,Ks,AB,0.30760968147406986,0.01133344444907705,5.204518005065683e-14,1.917415291949334e-15,5.209000000002561
at2017gfo,57987.718519,19.68,0.1,I,AB,0.04875284901033851,0.004490574738619605,3.429421710746105e-14,3.1586141235016454e-15,5.218519000001834
at2017gfo,57987.718519,20.64,0.07,R,AB,0.020137242498623815,0.001298374474800861,2.3111253458956132e-14,1.4900375754599805e-15,5.218519000001834
at2017gfo,57987.849,24.97,0.11,F336W,AB,0.0003732501577957199,3.781765661265435e-05,5.129801327651108e-16,5.1971937895110216e-17,5.349000000001979
at2017gfo,57987.849,25.05,0.11,F336W,AB,0.0003467368504525296,3.5131331819941715e-05,4.76541300424697e-16,4.828018336037157e-17,5.349000000001979
at2017gfo,57987.879,25.18,0.11,F336W,AB,0.00030760968147406926,3.116697223496189e-05,4.2276647965615837e-16,4.2832054930448874e-17,5.379000000000815
at2017gfo,57987.969,20.39,0.03,r,AB,0.02535128630497897,0.0007005242658650202,2.1205318111823664e-14,5.859245925177819e-16,5.4689999999973224
at2017gfo,57987.9714,19.08,0.12,z,AB,0.08472274141405946,0.009364469402801003,3.712531777089078e-14,4.103241757052161e-15,5.471400000002177
at2017gfo,57987.974538,18.833124743499997,0.1798053608449999,Y,AB,0.10635308757937195,0.017613865165849,2.2018851010985827e-14,3.6464727196829234e-15,5.474538000002212
at2017gfo,57987.9769536,19.1747243524,0.1059647257266,z,AB,0.07764442159034399,0.0075783298873491846,3.4023613690576115e-14,3.3206066788137026e-15,5.476953600002162
at2017gfo,57987.97936340001,19.5525353246,0.181829810072,i,AB,0.054825912693283095,0.009182329736797298,3.251096795243694e-14,5.444658750571353e-15,5.479363400008879
at2017gfo,57987.98297999999,20.793940388,0.242455408336,r,AB,0.017475268000349275,0.003902632436999425,1.4617349691009553e-14,3.2641957342790565e-15,5.482979999993404
at2017gfo,57987.99,22.507,0.122,g,AB,0.003607447338641901,0.0004053794784664202,5.278856008617897e-15,5.931647394910743e-16,5.489999999997963
at2017gfo,57987.9902378,22.0337508274,0.422551036617,g,AB,0.005578271770412712,0.0021711047097162225,8.162806186391245e-15,3.1768326418954264e-15,5.490237799996976
at2017gfo,57988.0,17.84,0.2,H,AB,0.2654605561975531,0.04890259715931078,7.277027297910452e-14,1.3404779661983481e-14,5.5
at2017gfo,57988.0,18.33,0.1,Y,AB,0.16904409316432598,0.015570477415906656,3.499810665012091e-14,3.223444746223364e-15,5.5
at2017gfo,57988.002,20.27,0.12,i,AB,0.028313919957993674,0.0031295592268924042,1.6789742279565738e-14,1.8556708938307207e-15,5.5020000000004075
at2017gfo,57988.02,20.74,0.03,r,AB,0.01836538343348344,0.0005074849690977542,1.5361894985034595e-14,4.244648447121674e-16,5.519999999996799
at2017gfo,57988.02,19.16,0.03,z,AB,0.07870457896950954,0.0021748193263078264,3.448817230768137e-14,9.529434172833248e-16,5.519999999996799
at2017gfo,57988.23354,18.95,0.44,y,AB,0.0954992586021433,0.03870388899399243,1.9771724495077583e-14,8.012589742986537e-15,5.733540000001085
at2017gfo,57988.358519,20.95,0.07,R,AB,0.015135612484362012,0.0009758879802691928,1.7370947209208915e-14,1.119946354663103e-15,5.858519000001252
at2017gfo,57988.368519,19.99,0.14,I,AB,0.03664375746478326,0.004725306293184849,2.577631871039855e-14,3.323721364030324e-15,5.868519000003289
at2017gfo,57988.728519,20.31,0.11,I,AB,0.027289777828080293,0.0027649966795266685,1.919644871322502e-14,1.9448640924018486e-15,6.228518999996595
at2017gfo,57988.729,18.12,0.04,H,AB,0.20511621788255543,0.0075572174771511335,5.622817710306844e-14,2.0715225984600726e-15,6.22899999999936
at2017gfo,57988.729,18.6,0.18,H,AB,0.13182567385563995,0.021856188823463397,3.6137158791268154e-14,5.991039585787144e-15,6.22899999999936
at2017gfo,57988.729,18.36,0.05,J,AB,0.16443717232149258,0.007573069339602556,5.276256805877189e-14,2.429806053604235e-15,6.22899999999936
at2017gfo,57988.729,18.65,0.19,J,AB,0.12589254117941637,0.022032081523152874,4.0394843077720026e-14,7.068954826348966e-15,6.22899999999936
at2017gfo,57988.729,17.69,0.03,Ks,AB,0.30478949896279706,0.00842215410435987,5.156802697188652e-14,1.4248772421669704e-15,6.22899999999936
at2017gfo,57988.729,18.01,0.1,Ks,AB,0.22698648518838122,0.020907491502267832,3.840435851721032e-14,3.5371721371090968e-15,6.22899999999936
at2017gfo,57988.97,20.329,0.089,i,AB,0.02681637066760719,0.002198325185909309,1.590171735494074e-14,1.3034960411078882e-15,6.470000000001164
at2017gfo,57988.974281300005,19.0624107404,0.306419801087,Y,AB,0.08610645383633345,0.02430269626397282,1.782708166974079e-14,5.0312136550890585e-15,6.4742813000048045
at2017gfo,57988.98,20.142,0.072,I,AB,0.03185664236573098,0.002112683426414881,2.2408918284415527e-14,1.48603510632432e-15,6.480000000003201
at2017gfo,57988.98,21.31,0.075,r,AB,0.010864256236170646,0.0007505215940973934,9.08750770137909e-15,6.277427929699213e-16,6.480000000003201
at2017gfo,57988.98,19.627,0.039,z,AB,0.051191752799971,0.0018389356659172828,2.2432112774297312e-14,8.057688362639484e-16,6.480000000003201
at2017gfo,57988.9853815,20.9476144582,0.3524485460559999,r,AB,0.015168904485937405,0.004924383517303448,1.2688170578902644e-14,4.118797229978125e-15,6.485381500002404
at2017gfo,57988.989,17.84,0.03,Ks,AB,0.2654605561975531,0.007335389573896616,4.4913873898386326e-14,1.241016198084465e-15,6.489000000001397
at2017gfo,57988.99624090001,22.0821886958,0.515485013851,g,AB,0.005334878361343799,0.002533042605516615,7.806643326809452e-15,3.706432212368431e-15,6.496240900007251
at2017gfo,57988.999,18.74,0.04,J,AB,0.1158777356155124,0.004269351579540424,3.7181416011923913e-14,1.3698139879274564e-15,6.499000000003434
at2017gfo,57988.999,18.71,0.04,Y,AB,0.1191242008027369,0.004388963006199549,2.466292318331316e-14,9.08615668344864e-16,6.499000000003434
at2017gfo,57989.0,21.268,0.106,R,AB,0.011292757442094103,0.0011025741196244142,1.2960552047410961e-14,1.2653336151128984e-15,6.5
at2017gfo,57989.02,23.807,0.251,B,AB,0.0010894316796591296,0.0002518695408245863,1.6608011053522525e-15,3.839432411082581e-16,6.519999999996799
at2017gfo,57989.02,22.361,0.158,V,AB,0.00412667246322935,0.0006005636134234554,3.709797037584497e-15,5.398621961482123e-16,6.519999999996799
at2017gfo,57989.23024,19.31,0.43,y,AB,0.06854882264526593,0.027150034420572677,1.419203097115686e-14,5.620677740001234e-15,6.7302399999971385
at2017gfo,57989.2344,20.83,0.09,I,AB,0.016904409316432632,0.0014013429674315972,1.18910688285764e-14,9.856871216800605e-16,6.734400000001187
at2017gfo,57989.368519,20.39,0.12,I,AB,0.02535128630497897,0.002802097063460081,1.7832855600130934e-14,1.970960038578091e-15,6.868519000003289
at2017gfo,57989.699,18.51,0.05,H,AB,0.14321878992735365,0.006595867659006548,3.926033527555239e-14,1.8080052550287023e-15,7.199000000000524
at2017gfo,57989.699,18.53,0.17,H,AB,0.14060475241299072,0.022016630322649874,3.854375339904849e-14,6.03501849631876e-15,7.199000000000524
at2017gfo,57989.699,18.95,0.32,J,AB,0.0954992586021433,0.02814828290472177,3.06426221055812e-14,9.0313273434318e-15,7.199000000000524
at2017gfo,57989.699,18.98,0.08,J,AB,0.09289663867799325,0.006845291012414193,2.980752558245074e-14,2.196299650086074e-15,7.199000000000524
at2017gfo,57989.699,17.95,0.04,Ks,AB,0.23988329190194851,0.008838161237332989,4.0586398511106646e-14,1.4952581790398392e-15,7.199000000000524
at2017gfo,57989.699,18.02,0.12,Ks,AB,0.22490546058357735,0.02485897256162527,3.8052265241966664e-14,4.205691777638779e-15,7.199000000000524
at2017gfo,57989.728519,20.89,0.13,I,AB,0.015995580286146647,0.0019153373656478942,1.1251771213957375e-14,1.3472243546859604e-15,7.228518999996595
at2017gfo,57989.769,19.06,0.01,F110W,AB,0.08629785477669685,0.0007948806572824473,7.722354091244231e-14,7.112550965328206e-16,7.269000000000233
at2017gfo,57989.770519,19.372,0.045,F110W,AB,0.06474407045688131,0.002683579358476909,5.793616059984745e-14,2.4012529153653203e-15,7.270518999997876
at2017gfo,57989.96609953704,18.790000000000006,0.14,H,AB,0.11066237839776565,0.014270196869529942,3.033569883176713e-14,3.9116295632726945e-15,7.466099537043192
at2017gfo,57989.969,18.06,0.17,K,AB,0.21677041048196877,0.03394304894085232,3.6675877654845156e-14,5.742554382915336e-15,7.4689999999973224
at2017gfo,57989.9698,19.87,0.07,z,AB,0.04092606597300093,0.002638760466682172,1.7933711527752354e-14,1.1562291111240254e-15,7.469799999998941
at2017gfo,57989.973353199995,19.4392828251,0.0486636275689,Y,AB,0.060853683298770805,0.0027276791161500633,1.2598864936811112e-14,5.646919282869741e-16,7.473353199995472
at2017gfo,57989.979,17.95,0.04,Ks,AB,0.23988329190194851,0.008838161237332989,4.0586398511106646e-14,1.4952581790398392e-15,7.47899999999936
at2017gfo,57989.9793923,19.8866873692,0.0483324550366,z,AB,0.040301856499710194,0.0017941792796518005,1.7660184318118528e-14,7.86157872191136e-16,7.479392300003383
at2017gfo,57989.9818097,20.5421156049,0.0505708603034,i,AB,0.0220370652735631,0.0010264930867604067,1.3067658843777784e-14,6.086586658758347e-16,7.481809700002486
at2017gfo,57989.981846,21.44,0.2,i,AB,0.009638290236239667,0.0017755459849808368,5.71536577493333e-15,1.0528092827495847e-15,7.481846000002406
at2017gfo,57989.981846,19.91,0.07,z,AB,0.03944573020752769,0.0025433139241798097,1.7285031671747495e-14,1.1144071752602803e-15,7.481846000002406
at2017gfo,57989.98317,18.74,0.06,H,AB,0.1158777356155124,0.006404027369310635,3.1765376271817915e-14,1.7554195650440308e-15,7.483169999999518
at2017gfo,57989.98317,19.26,0.28,J,AB,0.07177942912713586,0.018512282126178857,2.3031696307303146e-14,5.939633345358956e-15,7.483169999999518
at2017gfo,57989.98317,18.04,0.12,K,AB,0.22080047330188926,0.024405245177965874,3.7357733128551696e-14,4.128929251672938e-15,7.483169999999518
at2017gfo,57989.986635,21.2261086792,0.1073525683611,r,AB,0.011736984426256678,0.0011605688143432452,9.817509274999311e-15,9.707098565575423e-16,7.486635000001115
at2017gfo,57989.989,19.07,0.08,J,AB,0.08550667128846806,0.006300745180902474,2.7436324157388504e-14,2.0215830723633664e-15,7.489000000001397
at2017gfo,57989.9897,21.42,0.18,i,AB,0.009817479430199784,0.001627700264455994,5.821622357926322e-15,9.651442218049449e-16,7.489699999998265
at2017gfo,57989.99,18.99,0.04,J,AB,0.09204495717531685,0.0033912665035936707,2.953424854530068e-14,1.0880819269310455e-15,7.489999999997963
at2017gfo,57989.9974806,23.2762307856,0.343197160673,g,AB,0.001776264702773495,0.0005615045772832846,2.5992467024235984e-15,8.216121782170453e-16,7.497480600002746
at2017gfo,57989.999,19.24,0.07,Y,AB,0.07311390834834158,0.0047141127867385115,1.5137165186215582e-14,9.759291054231176e-16,7.499000000003434
at2017gfo,57990.0302,23.85,0.31,B,AB,0.0010471285480508942,0.00029899479136900615,1.5963114369805732e-15,4.557797219023546e-16,7.530200000001059
at2017gfo,57990.038519,20.91,0.03,i,AB,0.01570362804333545,0.0004339335043648012,9.31202278218372e-15,2.573006981265263e-16,7.538519000001543
at2017gfo,57990.038519,21.74,0.04,r,AB,0.007311390834834158,0.00026937787352791467,6.1156805468320765e-15,2.253099977703874e-16,7.538519000001543
at2017gfo,57990.229,20.21,0.04,z,AB,0.029922646366081707,0.0011024576623670128,1.3112037409856878e-14,4.830653100594652e-16,7.72899999999936
at2017gfo,57990.584519,22.494,0.17,F606W,AB,0.0036509005248449716,0.0005716771717941845,6.6365739122498816e-15,1.0391267788051828e-15,8.084518999996362
at2017gfo,57990.645,23.14,0.02,F475W,AB,0.0020137242498623814,3.7096413565738986e-05,3.4170490175336867e-15,6.29443690384241e-17,8.144999999996799
at2017gfo,57990.646519,23.664,0.42,F475W,AB,0.0012427964384409108,0.0004807853428259729,2.1088767984291293e-15,8.157858708760174e-16,8.146519000001717
at2017gfo,57990.96775,19.26,0.26,H,AB,0.07177942912713586,0.017189976260023224,1.9676778828033324e-14,4.711975591187308e-15,8.467750000003434
at2017gfo,57990.96775,19.64,0.11,J,AB,0.05058246620031117,0.005125008784139626,1.6230276754312787e-14,1.6443501056245291e-15,8.467750000003434
at2017gfo,57990.96775,18.35,0.16,K,AB,0.1659586907437553,0.024458054679848712,2.8078927488041723e-14,4.137863671118443e-15,8.467750000003434
at2017gfo,57990.972,20.28,0.03,z,AB,0.028054336379517052,0.0007752168138597245,1.2293348108872622e-14,3.396777611817191e-16,8.472000000001572
at2017gfo,57990.972,20.4,0.07,z,AB,0.02511886431509572,0.0016195709151804393,1.1007030747320277e-14,7.0964949767339e-16,8.472000000001572
at2017gfo,57990.97316159999,20.0552378993,0.0691266199763999,Y,AB,0.034506812201864086,0.002197111469925251,7.144130687977183e-15,4.548522974229719e-16,8.473161599991727
at2017gfo,57990.979,19.69,0.09,J,AB,0.04830588020397699,0.004004464411757504,1.549979396944475e-14,1.284825403386806e-15,8.47899999999936
at2017gfo,57990.979,18.44,0.18,K,AB,0.1527566058238064,0.025326456700480185,2.584523678165638e-14,4.284781699560722e-15,8.47899999999936
at2017gfo,57990.979,18.25,0.03,Ks,AB,0.18197008586099753,0.005028323189349731,3.0787931761723346e-14,8.507019926239437e-16,8.47899999999936
at2017gfo,57990.98,19.22,0.18,H,AB,0.07447319739059874,0.012347369194853918,2.0415217165850867e-14,3.3845597795753526e-15,8.480000000003201
at2017gfo,57990.98282309999,20.3992008192,0.0570039787715,z,AB,0.025137360432250667,0.0013198566682781022,1.1015135704920137e-14,5.783233156790032e-16,8.482823099991947
at2017gfo,57990.9876548,20.7238575438,0.057474359032,i,AB,0.018640475324032187,0.0009868088779751301,1.1053530458637466e-14,5.851279301240581e-16,8.487654800002929
at2017gfo,57990.989,19.67,0.09,Y,AB,0.04920395356814482,0.004078912963585397,1.018695881264273e-14,8.444282221776765e-16,8.489000000001397
at2017gfo,57990.989,21.75,0.05,r,AB,0.007244359600749861,0.0003336352529234261,6.059611650560497e-15,2.790554291182719e-16,8.489000000001397
at2017gfo,57990.99,21.133,0.119,I,AB,0.01278792262935841,0.0014016800442760461,8.995408553695687e-15,9.859242173178249e-16,8.489999999997963
at2017gfo,57990.99,20.606,0.092,z,AB,0.02077782097504252,0.001760717806181065,9.104795163735436e-15,7.71496014771158e-16,8.489999999997963
at2017gfo,57990.997287900005,21.951982115,0.179983800721,r,AB,0.006014605595715469,0.0009971086906569607,5.0309725289660015e-15,8.339903865395731e-16,8.497287900005176
at2017gfo,57991.0,19.3,0.1,J,AB,0.06918309709189334,0.0063723838595451795,2.2198617364271798e-14,2.044568217122042e-15,8.5
at2017gfo,57991.0,22.501,0.24,R,AB,0.003627438014764561,0.0008018869959319534,4.163163818065244e-15,9.202597389282427e-16,8.5
at2017gfo,57991.01,23.152,0.256,V,AB,0.0019915902890575996,0.0004696149285953265,1.790400333504088e-15,4.22149029726011e-16,8.510000000002037
at2017gfo,57991.709,18.83,0.23,H,AB,0.10665961212302547,0.022595906290047315,2.923842698597317e-14,6.193804883085677e-15,9.209000000002561
at2017gfo,57991.709,18.9,0.09,H,AB,0.0999999999999998,0.008289807358541445,2.7412838284324794e-14,2.2723341404451396e-15,9.209000000002561
at2017gfo,57991.709,19.32,0.08,J,AB,0.06792036326171816,0.005004859796993773,2.1793446935261592e-14,1.605800513218878e-15,9.209000000002561
at2017gfo,57991.709,18.25,0.21,Ks,AB,0.18197008586099753,0.035198262325448114,3.0787931761723346e-14,5.954913948367606e-15,9.209000000002561
at2017gfo,57991.709,18.34,0.06,Ks,AB,0.16749428760264312,0.009256635852546996,2.8338738605244084e-14,1.5660565696005564e-15,9.209000000002561
at2017gfo,57991.956,19.6,0.06,F160W,AB,0.05248074602497702,0.0029003684971973284,1.8472720270132923e-14,1.0208402477053667e-15,9.455999999998312
at2017gfo,57991.956519,19.769,0.074,F160W,AB,0.044915889010593096,0.0030614956639358837,1.5809963009712895e-14,1.0775520403497823e-15,9.456518999999389
at2017gfo,57991.959,19.68,0.08,H,AB,0.04875284901033851,0.003592459790895684,1.3364539658205162e-14,9.847356733347492e-16,9.459000000002561
at2017gfo,57991.959,20.57,0.2,J,AB,0.021478304741305288,0.003956689082077069,6.891693038144276e-15,1.2694967724097456e-15,9.459000000002561
at2017gfo,57991.959,18.5,0.08,Ks,AB,0.1445439770745922,0.010651037553651583,2.4455723487101314e-14,1.801964298873084e-15,9.459000000002561
at2017gfo,57991.969,18.43,0.17,K,AB,0.15417004529495554,0.02414075510133047,2.6084379813222007e-14,4.084182280018538e-15,9.468999999997322
at2017gfo,57991.9694,19.66,0.14,H,AB,0.04965923214503338,0.006403685058639807,1.361300500115549e-14,1.755325733644781e-15,9.46940000000177
at2017gfo,57991.9694,20.23,0.1,J,AB,0.02937649651961519,0.0027058388557385927,9.425967225428143e-15,8.681636648128507e-16,9.46940000000177
at2017gfo,57991.9694,18.46,0.2,K,AB,0.14996848355023681,0.027626885299645645,2.5373508047255595e-14,4.6739729109260036e-15,9.46940000000177
at2017gfo,57991.97,19.21,0.05,H,AB,0.07516228940182014,0.0034615605542668484,2.0604116844517234e-14,9.48854646009858e-16,9.470000000001164
at2017gfo,57991.974,20.85,0.04,z,AB,0.016595869074375495,0.0006114513669962172,7.272273096772664e-15,2.6792044199696553e-16,9.474000000001979
at2017gfo,57991.974218,20.7763902728,0.1055591194571,Y,AB,0.01776003800837189,0.001726798165598827,3.676956069224966e-15,3.5748669266886216e-16,9.47421800000302
at2017gfo,57991.97770833332,19.62,0.15,H,AB,0.05152286445817541,0.007118577015308613,1.412387951337151e-14,1.9512860653639943e-15,9.477708333317423
at2017gfo,57991.979,20.06,0.14,J,AB,0.03435579478998743,0.0044302676515778705,1.1023662929911512e-14,1.4214436282258937e-15,9.47899999999936
at2017gfo,57991.979,18.49,0.05,Ks,AB,0.14588142602753446,0.0067184939942087525,2.4682009510450435e-14,1.1366485432780053e-15,9.47899999999936
at2017gfo,57991.989,20.09,0.14,Y,AB,0.033419504002611365,0.004309530558661264,6.919019430868596e-15,8.921713359806312e-16,9.489000000001397
at2017gfo,57991.989,22.2,0.04,r,AB,0.004786300923226361,0.00017634450050469213,4.0035457149958176e-15,1.4749607491951254e-16,9.489000000001397
at2017gfo,57991.991,20.69,0.11,z,AB,0.01923091728910146,0.0019484739957796118,8.426945392316281e-15,8.537653889521791e-16,9.491000000001804
at2017gfo,57991.9944411,21.1883773121,0.0697123513511,z,AB,0.012152036775649869,0.0007802984344074807,5.324995619000188e-15,3.419043814768113e-16,9.494441100003314
at2017gfo,57991.99966980001,21.3695098621,0.0565513545459999,i,AB,0.010284804840828074,0.000535723868101231,6.0987395220908706e-15,3.176572536551777e-16,9.499669800010452
at2017gfo,57992.2819,20.5723,0.04,F110W,AB,0.021432853725150476,0.0007896632378902026,1.9179165702291488e-14,7.065865766745438e-16,9.78190000000177
at2017gfo,57992.2965,19.8863,0.04,F160W,AB,0.040316237970224156,0.0014853948719745472,1.419092987004444e-14,5.228131771918126e-16,9.79649999999674
at2017gfo,57992.3478,26.918000000000003,0.27,F336W,AB,6.205831792990564e-05,1.5433545019021125e-05,8.5290477461193e-17,2.1209966853460594e-17,9.84780000000319
at2017gfo,57992.4335,23.955,0.06,F475W,AB,0.0009506047936562811,5.25355374234441e-05,1.6130625513637208e-15,8.9141130836089e-17,9.933499999999185
at2017gfo,57992.498,22.883000000000003,0.07,F625W,AB,0.0025515260109096522,0.00016451290411693498,2.863700616948736e-15,1.8462960183875244e-16,9.997999999999593
at2017gfo,57992.5606,22.346,0.08,F775W,AB,0.004184080195674269,0.00030831305595402706,2.717338867436392e-15,2.002209270007149e-16,10.060599999997066
at2017gfo,57992.5732,21.527,0.05,F850W,AB,0.008896107044092244,0.00040970563131382403,3.917855947672364e-15,1.8042393403216873e-16,10.073199999998906
at2017gfo,57992.959,18.77,0.07,Ks,AB,0.11271974561755072,0.00726774981857005,1.907130954987249e-14,1.229572766055517e-15,10.459000000002561
at2017gfo,57992.969,19.63,0.08,H,AB,0.051050499997540445,0.0037617672047718354,1.3994391007665051e-14,1.0311448358329408e-15,10.468999999997322
at2017gfo,57992.969,21.33,0.3,J,AB,0.010665961212302547,0.002947292124788787,3.4223618445351834e-15,9.456335239270002e-16,10.468999999997322
at2017gfo,57992.969,18.91,0.19,K,AB,0.09908319448927647,0.01734025700101661,1.6764110519789795e-14,2.9336601144931162e-15,10.468999999997322
at2017gfo,57992.9746958,21.6704354446,0.206240207261,Y,AB,0.00779517415115531,0.0014808159635005841,1.6138767773044681e-15,3.0656275399707774e-16,10.474695800003246
at2017gfo,57992.97527,21.02,0.22,J,AB,0.0141905752168909,0.0028755744075646644,4.5532964359814896e-15,9.226230197777016e-16,10.475270000002638
at2017gfo,57992.97789351853,18.43,0.25,K,AB,0.15417004529495554,0.03550111044313305,2.6084379813222007e-14,6.006150411791967e-15,10.477893518531346
at2017gfo,57992.979,18.74,0.06,Ks,AB,0.1158777356155124,0.006404027369310635,1.9605617043884e-14,1.0834464370607336e-15,10.47899999999936
at2017gfo,57992.98,22.014,0.214,z,AB,0.005680675741067706,0.0011197361575328076,2.48925953670252e-15,4.906362507944635e-16,10.480000000003201
at2017gfo,57992.98133101853,20.040000000000006,0.15,H,AB,0.03499451670283534,0.004834963367862785,9.59299027212934e-15,1.3253205838705124e-15,10.481331018527271
at2017gfo,57992.984,19.34,0.09,H,AB,0.06668067692136193,0.005527699662152318,1.82790661313461e-14,1.5152077867640328e-15,10.48399999999674
at2017gfo,57992.9867745,22.0612285601,0.128558273522,z,AB,0.005438868716818768,0.0006440365817735391,2.383300233867855e-15,2.8219834800377336e-16,10.486774500001047
at2017gfo,57992.989,20.94,0.35,J,AB,0.015275660582380638,0.004924588802871142,4.90146522067876e-15,1.580045705134916e-15,10.489000000001397
at2017gfo,57992.989,22.45,0.07,r,AB,0.003801893963205597,0.00024513197763114796,3.1801294004305784e-15,2.0503051943425956e-16,10.489000000001397
at2017gfo,57992.99,22.052,0.289,I,AB,0.005485295139412013,0.0014601577292250715,3.858521219336435e-15,1.0270566897385938e-15,10.489999999997963
at2017gfo,57993.0000214,22.3838801057,0.1030049460673999,i,AB,0.004040619521500759,0.00038336103220340686,2.3960285441375946e-15,2.2731377095398926e-16,10.500021400002879
at2017gfo,57993.01,23.379,0.277,R,AB,0.0016158461209489913,0.0004122699665165187,1.8544857496986163e-15,4.731283256607914e-16,10.510000000002037
at2017gfo,57993.01,23.761,0.28,V,AB,0.001136579974750148,0.0002931297923012556,1.021762948447411e-15,2.6350196697088903e-16,10.510000000002037
at2017gfo,57993.01593,20.17,0.34,H,AB,0.031045595881283368,0.009722564791507654,8.510478993341225e-15,2.6650698807456816e-15,10.51593000000139
at2017gfo,57993.01593,18.71,0.22,K,AB,0.1191242008027369,0.024139296534097517,2.0154893855938904e-14,4.083935516633464e-15,10.51593000000139
at2017gfo,57993.079,20.82,0.02,F110W,AB,0.017060823890031142,0.00031429098539191195,1.526685958858347e-14,2.812259464440435e-16,10.578999999997905
at2017gfo,57993.081519,21.371,0.119,F110W,AB,0.01027069896026281,0.00112576797581777,9.190723725514976e-15,1.0073313559437992e-15,10.581518999999389
at2017gfo,57993.148,20.279,0.09,F160W,AB,0.028080187281166222,0.0023277934315263414,9.883957147466201e-15,8.193114859517115e-16,10.648000000001048
at2017gfo,57993.148519,20.454,0.1,F160W,AB,0.023900115514847123,0.0022014150384996774,8.412611896170734e-15,7.748301898106825e-16,10.648519000002125
at2017gfo,57993.699,19.53,0.21,H,AB,0.0559757601495107,0.010827326262371878,1.5344544608206955e-14,2.967898052585715e-15,11.199000000000524
at2017gfo,57993.699,18.64,0.12,Ks,AB,0.12705741052085368,0.014043752755906618,2.1497131610551966e-14,2.3759507898522268e-15,11.199000000000524
at2017gfo,57993.813519,23.77,0.375,F606W,AB,0.0011271974561755048,0.0003893437402805389,2.049009328164719e-15,7.077027501656726e-16,11.313519000002998
at2017gfo,57993.829,24.08,0.05,F475W,AB,0.0008472274141405946,3.9018622511670905e-05,1.4376435121713268e-15,6.62059304033061e-17,11.328999999997905
at2017gfo,57993.836519,24.747,0.695,F475W,AB,0.00045835291743818595,0.00029341798716807566,7.777700379398491e-16,4.978651112482826e-16,11.33651899999677
at2017gfo,57993.94,23.96,0.05,F475W,AB,0.0009462371613657872,4.3578465462308245e-05,1.605651202154321e-15,7.394297045256984e-17,11.440000000002328
at2017gfo,57993.947519,24.555,0.639,F475W,AB,0.0005470159628939689,0.0003219606437651034,9.282206134776535e-16,5.462956558074365e-16,11.447519000001193
at2017gfo,57993.957,22.32,0.02,F814W,AB,0.004285485203974375,7.89463261751718e-05,3.563387999032565e-15,6.564003269701011e-17,11.457000000002154
at2017gfo,57993.958519,22.584,0.339,F814W,AB,0.0033604698246069856,0.0010493047217535773,2.794236188940813e-15,8.724458702765215e-16,11.458518999999797
at2017gfo,57993.96019,20.05,0.2,H,AB,0.03467368504525296,0.006387514876353054,9.505041208671361e-15,1.7508932956304588e-15,11.460189999997965
at2017gfo,57993.967519,23.665,0.357,F606W,AB,0.0012416523075924096,0.00040829131797043814,2.257064320590482e-15,7.421434036367095e-16,11.467518999997992
at2017gfo,57993.969,23.09,0.03,F606W,AB,0.00210862814993328,5.8267070512481924e-05,3.833045155640654e-15,1.0591095163381457e-16,11.468999999997322
at2017gfo,57993.978519,18.99,0.05,Ks,AB,0.09204495717531685,0.004239083129492088,1.5573295177148675e-14,7.171767464739715e-16,11.478518999996595
at2017gfo,57993.979,19.41,0.09,Ks,AB,0.06251726927756836,0.005182561188931047,1.0577438656139034e-14,8.767962925806505e-16,11.47899999999936
at2017gfo,57993.98,22.815,0.471,z,AB,0.002716439268839067,0.0011784816812189787,1.1903376753132432e-15,5.16376853434149e-16,11.480000000003201
at2017gfo,57993.983344907414,19.03,0.17,K,AB,0.08871560120379564,0.013891554602781242,1.5009993885199065e-14,2.350201595287391e-15,11.483344907413993
at2017gfo,57993.988519,20.24,0.18,H,AB,0.029107171180665962,0.004825856836796206,7.979101764897569e-15,1.3228243761121632e-15,11.488518999998632
at2017gfo,57993.988519,20.35,0.12,J,AB,0.02630267991895371,0.0029072553272200346,8.439678934873623e-15,9.327877874445994e-16,11.488518999998632
at2017gfo,57993.989,21.16,0.4,J,AB,0.012473835142429383,0.004595808460130856,4.0024500930335356e-15,1.4745571071474653e-15,11.489000000001397
at2017gfo,57993.997,19.64,0.14,H,AB,0.05058246620031117,0.006522738452541343,1.3866089659714608e-14,1.7879596755203524e-15,11.497000000003027
at2017gfo,57994.0,23.0,0.309,I,AB,0.0022908676527677607,0.000652019235703986,1.6114650578024162e-15,4.586221779091106e-16,11.5
at2017gfo,57994.962,19.36,0.09,Ks,AB,0.06546361740672735,0.005426807772950308,1.1075937982100338e-14,9.18118428786388e-16,12.461999999999534
at2017gfo,57994.969,19.44,0.08,Ks,AB,0.060813500127871525,0.004481175118743926,1.028917408743039e-14,7.581343639340109e-16,12.468999999997322
at2017gfo,57994.969,23.12,0.31,r,AB,0.0020511621788255542,0.0005856843544792116,1.7157135925049584e-15,4.898714912016981e-16,12.468999999997322
at2017gfo,57994.97545138888,19.42,0.16,K,AB,0.06194410750767786,0.009128972768629881,1.0480464115646171e-14,1.5444582681821363e-15,12.475451388876536
at2017gfo,57994.978519,20.57,0.19,H,AB,0.021478304741305288,0.0037588546279732162,5.887812944948496e-15,1.0303464641205569e-15,12.478518999996595
at2017gfo,57994.978519,19.46,0.04,Ks,AB,0.059703528658383416,0.0021996922275695874,1.0101375495709308e-14,3.72148426162489e-16,12.478518999996595
at2017gfo,57994.979,20.99,0.21,H,AB,0.014588142602753474,0.002821767477567682,3.999023940379508e-15,7.734798045781091e-16,12.47899999999936
at2017gfo,57994.985,19.32,0.09,Ks,AB,0.06792036326171816,0.005630467271617994,1.149160038826712e-14,9.52573958952061e-16,12.485000000000582
at2017gfo,57994.989,19.34,0.08,Ks,AB,0.06668067692136193,0.004913510810802061,1.1281855043188897e-14,8.312777998005251e-16,12.489000000001397
at2017gfo,57995.959,19.84,0.09,Ks,AB,0.0420726628384443,0.003487742699915695,7.11836929886094e-15,5.900634372234127e-16,13.459000000002561
at2017gfo,57995.96075,19.67,0.14,K,AB,0.04920395356814482,0.00634497572113284,8.324928560072407e-15,1.0734559585491336e-15,13.46074999999837
at2017gfo,57995.969,22.3,0.28,z,AB,0.004365158322401648,0.0011257966714475769,1.9128027154763045e-15,4.932917940713564e-16,13.468999999997322
at2017gfo,57995.969733796286,19.63,0.23,K,AB,0.051050499997540445,0.010815080713719028,8.637349940730072e-15,1.8297174559178185e-15,13.469733796286164
at2017gfo,57995.978,19.52,0.09,Ks,AB,0.05649369748123012,0.004683218690911154,9.558296874949976e-15,7.92316508352168e-16,13.478000000002794
at2017gfo,57995.978519,21.01,0.14,H,AB,0.014321878992735338,0.0018468429445218312,3.9260335275552465e-15,5.06241471408036e-16,13.478518999996595
at2017gfo,57995.979,21.48,0.3,H,AB,0.009289663867799326,0.0025669841296553195,2.546560533237186e-15,7.036406786686696e-16,13.47899999999936
at2017gfo,57995.99,19.43,0.09,Ks,AB,0.061376200516479205,0.005087968786808249,1.0384378643084566e-14,8.607929566886002e-16,13.489999999997963
at2017gfo,57996.799,19.35,0.04,Ks,AB,0.06606934480075925,0.0024342317364593156,1.1178422374441122e-14,4.118282995612662e-16,14.298999999999069
at2017gfo,57996.959,20.06,0.1,Ks,AB,0.03435579478998743,0.0031644768939841934,5.812734882270078e-15,5.3537266757766185e-16,14.459000000002561
at2017gfo,57996.974432870375,19.9,0.21,K,AB,0.039810717055349616,0.007700540754532493,6.735665558907599e-15,1.302793221016059e-15,14.474432870374585
at2017gfo,57996.978519,19.93,0.03,Ks,AB,0.03872576449216157,0.0010700970915075497,6.552099972717481e-15,1.8104121269983142e-16,14.478518999996595
at2017gfo,57996.98,23.342,0.368,z,AB,0.0016718603572044603,0.0005666954785901645,7.32605508200311e-16,2.483096960718677e-16,14.480000000003201
at2017gfo,57996.989,20.02,0.13,Ks,AB,0.03564511334262425,0.004268205108320565,6.030877613971777e-15,7.221036623633498e-16,14.489000000001397
at2017gfo,57996.999,21.63,0.36,H,AB,0.008090958991783814,0.00268289965550986,2.217961504068737e-15,7.354144938388774e-16,14.499000000003434
at2017gfo,57997.799,19.97,0.05,Ks,AB,0.037325015779571986,0.0017189843914842866,6.315104119390933e-15,2.9082129212029667e-16,15.298999999999069
at2017gfo,57997.9697,20.23,0.1,Ks,AB,0.02937649651961519,0.0027058388557385927,4.970276108652797e-15,4.577793470339349e-16,15.469700000001467
at2017gfo,57997.97565972223,20.13,0.25,K,AB,0.03221068791283428,0.007417233268986002,5.4497993819491984e-15,1.2548626816684388e-15,15.475659722229466
at2017gfo,57997.978519,20.06,0.05,Ks,AB,0.03435579478998743,0.0015822384469920967,5.812734882270078e-15,2.6768633378883093e-16,15.478518999996595
at2017gfo,57997.979,20.43,0.13,Ks,AB,0.024434305526939613,0.0029258043498388508,4.1340955995545585e-15,4.949935588284237e-16,15.47899999999936
at2017gfo,57998.97474537037,20.43,0.3,K,AB,0.024434305526939613,0.006751856191935809,4.1340955995545585e-15,1.142292828065593e-15,16.4747453703676
at2017gfo,57998.978519,20.31,0.08,Ks,AB,0.027289777828080293,0.002010906676019395,4.617219437953849e-15,3.402093007652753e-16,16.478518999996595
at2017gfo,57998.979,20.95,0.18,Ks,AB,0.015135612484362012,0.002509426234977924,2.560828622658276e-15,4.245498584816686e-16,16.47899999999936
at2017gfo,57999.979,20.77,0.13,Ks,AB,0.017864875748520463,0.0021391699107929747,3.0225988676911545e-15,3.619091369320089e-16,17.47899999999936
at2017gfo,58000.008519,20.61,0.09,Ks,AB,0.020701413487910374,0.0017161072986428838,3.5025191246206334e-15,2.903345396740081e-16,17.508519000002707
at2017gfo,58000.96,20.81,0.13,Ks,AB,0.01721868574986003,0.0020617940464853672,2.913268515453684e-15,3.4881853008977176e-16,18.459999999999127
at2017gfo,58000.96635,20.76,0.35,K,AB,0.018030177408595627,0.00581259378612826,3.0505666306694128e-15,9.833864948550236e-16,18.46635000000242
at2017gfo,58000.97829861112,20.84,0.26,K,AB,0.016749428760264314,0.004011208869437027,2.833873860524409e-15,6.786245134935737e-16,18.47829861111677
at2017gfo,58000.979,21.04,0.09,Ks,AB,0.013931568029452978,0.0011549001516658012,2.3571136090590663e-15,1.9538836771366064e-16,18.47899999999936
at2017gfo,58000.99,20.93,0.17,Ks,AB,0.015417004529495555,0.002414075510133053,2.608437981322201e-15,4.084182280018548e-16,18.489999999997963
at2017gfo,58001.988519,20.85,0.13,Ks,AB,0.016595869074375495,0.001987216942737706,2.8078927488041782e-15,3.3620142327837316e-16,19.488518999998632
at2017gfo,58001.989,21.23,0.37,Ks,AB,0.011694993910198652,0.003985691248077674,1.97870255848541e-15,6.743073901663772e-16,19.489000000001397
at2017gfo,58001.992,23.37,0.48,z,AB,0.0016292960326397148,0.0007203493461663529,7.13953915383612e-16,3.156364113882312e-16,19.49199999999837
at2017gfo,58003.969,21.46,0.08,Ks,AB,0.009462371613657872,0.0006972554473969326,1.6009601257643229e-15,1.179631014420093e-16,21.468999999997322
at2017gfo,58007.969,22.06,0.22,Ks,AB,0.005445026528424198,0.0011033787351347286,9.212563944491082e-16,1.8667186918018833e-16,25.468999999997322
